[Licensing::Module] Trying to connect to existing licensing client channel...
Built from '6000.5/staging' branch; Version is '6000.5.10f1 (3bd4f66ad299) revision 3921142'; Using compiler version '194234433'; Build Type 'Release'
OS: 'Windows 11  (10.0.22631) Core' Language: 'en' Physical Memory: 32680 MB
[Licensing::IpcConnector] Successfully connected to: "LicenseClient-pauln" at "2026-08-30T08:24:13.1287912Z"
BatchMode: 1, IsHumanControllingUs: 0, StartBugReporterOnCrash: 0, Is64bit: 1
System  architecture: x64
Process architecture: x64
Date: 2026-08-30T08:24:13Z

COMMAND LINE ARGUMENTS:
C:\Program Files\Unity\Hub\Editor\6000.5.10f1\Editor\Unity.exe
-adb2
-batchMode
-noUpm
-name
AssetImportWorkerHW1
-projectPath
C:/Users/pauln/Desktop/Unity Projects/Hololive Tower Defense
-logFile
Logs/AssetImportWorkerHW1.log
-srvPort
51325
-parentPid
18816
-analyticsCloudUserId
1375983249704
-analyticsCloudProjectId
a95b17d9-ed50-48df-95fc-bafd9210a610
-analyticsLocalProjectId
012765648d111bf46b6ff18f60c5dc20
-editorAnalyticsEnabled
1
-cbmEditorLicense
645ef76f1b429ba2b593a5eb310db0b6dce70b24
-cbmMachineId
ijHZJ2z3WXR8YMw8u+2at7FQ478=
-licensingIpc
LicenseClient-pauln
-noDiagnosticSwitchPersistentStore
-job-worker-count
7
-background-job-worker-count
8
-asset-garbage-collectors
1
-force-d3d12
-name
AssetImport
Successfully changed project path to: C:/Users/pauln/Desktop/Unity Projects/Hololive Tower Defense
C:/Users/pauln/Desktop/Unity Projects/Hololive Tower Defense
[UnityMemory] Configuration Parameters - Can be set up in boot.config
    "memorysetup-temp-allocator-size-gi-baking-worker=262144"
    "memorysetup-temp-allocator-size-gi-baking-worker=262144"
    "memorysetup-temp-allocator-size-gi-baking-worker=262144"
    "memorysetup-temp-allocator-size-gi-baking-worker=262144"
    "memorysetup-temp-allocator-size-gi-baking-worker=262144"
    "memorysetup-temp-allocator-size-nav-mesh-worker=65536"
    "memorysetup-temp-allocator-size-audio-worker=65536"
    "memorysetup-temp-allocator-size-cloud-worker=32768"
    "memorysetup-temp-allocator-size-gfx=262144"
    "memorysetup-remapper-allocator-initial-capacity=32768"
    "memorysetup-temp-allocator-size-preload-manager=33554432"
    "memorysetup-allocator-temp-initial-block-size-main=262144"
    "memorysetup-allocator-temp-initial-block-size-worker=262144"
    "memorysetup-temp-allocator-size-job-worker=262144"
    "memorysetup-temp-allocator-size-background-worker=32768"
    "memorysetup-bucket-allocator-granularity=16"
    "memorysetup-bucket-allocator-bucket-count=8"
    "memorysetup-bucket-allocator-block-size=33554432"
    "memorysetup-bucket-allocator-block-count=8"
    "memorysetup-main-allocator-block-size=16777216"
    "memorysetup-thread-allocator-block-size=16777216"
    "memorysetup-main-allocator-mimalloc-enabled=0"
    "memorysetup-gfx-main-allocator-block-size=16777216"
    "memorysetup-gfx-thread-allocator-block-size=16777216"
    "memorysetup-cache-allocator-block-size=4194304"
    "memorysetup-typetree-allocator-block-size=2097152"
    "memorysetup-profiler-bucket-allocator-granularity=16"
    "memorysetup-profiler-bucket-allocator-bucket-count=8"
    "memorysetup-profiler-bucket-allocator-block-size=33554432"
    "memorysetup-profiler-bucket-allocator-block-count=8"
    "memorysetup-profiler-allocator-block-size=16777216"
    "memorysetup-profiler-editor-allocator-block-size=1048576"
    "memorysetup-temp-allocator-size-main=16777216"
    "memorysetup-job-temp-allocator-block-size=2097152"
    "memorysetup-job-temp-allocator-block-size-background=1048576"
    "memorysetup-job-temp-allocator-reduction-small-platforms=262144"
Player connection [49080]  Target information:

Player connection [49080]  * "[IP] 172.24.124.182 [Port] 0 [Flags] 2 [Guid] 4172292366 [EditorId] 4172292366 [Version] 1048832 [Id] WindowsEditor(7,PaulPC) [Debug] 1 [PackageName] WindowsEditor [ProjectName] Editor" 

Player connection [49080]  * "[IP] 192.168.0.158 [Port] 0 [Flags] 2 [Guid] 4172292366 [EditorId] 4172292366 [Version] 1048832 [Id] WindowsEditor(7,PaulPC) [Debug] 1 [PackageName] WindowsEditor [ProjectName] Editor" 

Player connection [49080] Host joined multi-casting on [225.0.0.222:54997]...
Player connection [49080] Host joined alternative multi-casting on [225.0.0.222:34997]...
JobSystem: Creating JobQueue using job-worker-count value 7
Input System module state changed to: Initialized.
[Physics::Module] Initialized fallback backend.
[Physics::Module] Id: 0xdecafbad
Library Redirect Path: Library/
[Physics::Module] Selected backend.
[Physics::Module] Name: PhysX
[Physics::Module] Id: 0xf2b8ea05
[Physics::Module] SDK Version: 4.1.2
[Physics::Module] Integration Version: 1.0.0
[Physics::Module] Threading Mode: Multi-Threaded
Refreshing native plugins compatible for Editor in 3.88 ms, found 5 plugins.
Initialize engine version: 6000.5.10f1 (3bd4f66ad299)
[Subsystems] Discovering subsystems at path C:/Program Files/Unity/Hub/Editor/6000.5.10f1/Editor/Data/Resources/UnitySubsystems
[Subsystems] Discovering subsystems at path C:/Users/pauln/Desktop/Unity Projects/Hololive Tower Defense/Assets
Forcing GfxDevice: Direct3D 12
GfxDevice: creating device client; kGfxThreadingModeNonThreaded
d3d12: failed to query info queue interface (0x80004002).
Direct3D:
    Version:         Direct3D 12 [level 12.2]
    Renderer:        NVIDIA GeForce RTX 3080 (ID=0x220a)
    Vendor:          NVIDIA
    VRAM:            12093 MB
    App VRAM Budget: 11325 MB
    Driver:          32.0.15.9174
Initialize mono
Mono path[0] = 'C:/Program Files/Unity/Hub/Editor/6000.5.10f1/Editor/Data/Managed'
Mono path[1] = 'C:/Program Files/Unity/Hub/Editor/6000.5.10f1/Editor/Data/BCLExtensions/runtime/netstandard2.1'
Mono path[2] = 'C:/Program Files/Unity/Hub/Editor/6000.5.10f1/Editor/Data/MonoBleedingEdge/lib/mono/unityjit-win32'
Mono config path = 'C:/Program Files/Unity/Hub/Editor/6000.5.10f1/Editor/Data/MonoBleedingEdge/etc'
Using monoOptions --debugger-agent=transport=dt_socket,embedding=1,server=y,suspend=n,address=127.0.0.1:56296
CodeReloadManager initialized
Begin MonoManager ReloadAssembly
[Licensing::Client] Error: HandshakeResponse reported an error:
	ResponseCode: 505
	ResponseStatus: Unsupported protocol version '1.18.3'.
[Licensing::Module] Error: Failed to handshake to channel: "LicenseClient-pauln"
[Licensing::IpcConnector] LicenseClient-pauln channel disconnected successfully.
[Licensing::IpcConnector] Successfully connected to: "LicenseClient-pauln-6000.5.10" at "2026-08-30T08:24:13.8413625Z"
[Licensing::Client] Code 10 while verifying Licensing Client signature (process Id: 57184, path: "C:/Program Files/Unity/Hub/Editor/6000.5.10f1/Editor/Data/Resources/Licensing/Client/Unity.Licensing.Client.exe")
[Licensing::Module] LicensingClient has failed validation; ignoring
[Licensing::Client] Handshaking with LicensingClient:
  Version:                 1.18.3+d7ffd15
  Session Id:              77db81d6b2314e2e92727d114f2a0273
  Correlation Id:          4d67158b6038d067f9394cb0db9c504a
  External correlation Id: 7724823788112993080
  Machine Id:              ijHZJ2z3WXR8YMw8u+2at7FQ478=
[Licensing::Module] Successfully connected to LicensingClient on channel: "LicenseClient-pauln-6000.5.10" (connect: 0.00s, validation: 0.00s, handshake: 0.00s)
[Licensing::IpcConnector] Successfully connected to: "LicenseClient-pauln-6000.5.10-notifications" at "2026-08-30T08:24:13.8454984Z"
[Licensing::Module] Licensing Background thread has ended after 0.72s
Registering precompiled unity dll's ...
Register platform support module: C:/Program Files/Unity/Hub/Editor/6000.5.10f1/Editor/Data/PlaybackEngines/WebGLSupport/UnityEditor.WebGL.Extensions.dll
Register platform support module: C:/Program Files/Unity/Hub/Editor/6000.5.10f1/Editor/Data/PlaybackEngines/WindowsStandaloneSupport/UnityEditor.WindowsStandalone.Extensions.dll
Registered in 0.001922 seconds.
Native extension for WindowsStandalone target not found
Native extension for WebGL target not found
Package Manager log level set to [2]
[Package Manager] Failed to launch server process. Reason: Unity was launched with the -noUpm command-line argument
[Package Manager] Unable to send message (not connected to server process).
[Package Manager] Cannot connect to Unity Package Manager local server
ScheduleIndexationOnStartup MainProcess:False IndexOnStartup:True
Mono: successfully reloaded assembly
- Finished resetting the current domain, in  0.438 seconds
Domain Reload Profiling: 906ms
	BeginReloadAssembly (121ms)
	RebuildCommonClasses (5ms)
	RebuildNativeTypeToScriptingClass (22ms)
	initialDomainReloadingComplete (59ms)
	LoadAllAssembliesAndSetupDomain (261ms)
		LoadAssemblies (118ms)
		AnalyzeDomain (187ms)
			TypeCache.Refresh (185ms)
				TypeCache.ScanAssembly (173ms)
	FinalizeReload (439ms)
		SetupLoadedEditorAssemblies (0ms)
			BeforeProcessingInitializeOnLoad (83ms)
			ProcessInitializeOnLoadAttributes (105ms)
			ProcessInitializeOnLoadMethodAttributes (176ms)
Initializing Unity extensions:
[Licensing::Client] Successfully resolved entitlement details
[Licensing::Module] License group:
  Id: 1375983249704-UnityPersXXXX
  Product: Unity Personal
  Type: Assigned
  Expiration: Unlimited
========================================================================
Worker process is ready to serve import requests
Import Worker Mode flag is 0x00
Begin MonoManager ReloadAssembly
Refreshing native plugins compatible for Editor in 2.18 ms, found 5 plugins.
Native extension for WindowsStandalone target not found
Native extension for WebGL target not found
[Package Manager] Failed to launch server process. Reason: Unity was launched with the -noUpm command-line argument
[Package Manager] Unable to send message (not connected to server process).
[Package Manager] Cannot connect to Unity Package Manager local server
Refreshing native plugins compatible for Editor in 2.14 ms, found 5 plugins.
[Package Manager] Failed to launch server process. Reason: Unity was launched with the -noUpm command-line argument
[Package Manager] Unable to send message (not connected to server process).
[Package Manager] Cannot connect to Unity Package Manager local server
ScheduleIndexationOnStartup MainProcess:False IndexOnStartup:True
Mono: successfully reloaded assembly
- Finished resetting the current domain, in  0.837 seconds
Domain Reload Profiling: 1698ms
	BeginReloadAssembly (178ms)
		DisableScriptedObjects (9ms)
		CreateAndSetChildDomain (29ms)
	RebuildCommonClasses (11ms)
	RebuildNativeTypeToScriptingClass (15ms)
	initialDomainReloadingComplete (55ms)
	LoadAllAssembliesAndSetupDomain (600ms)
		LoadAssemblies (313ms)
		AnalyzeDomain (254ms)
			TypeCache.Refresh (170ms)
				TypeCache.ScanAssembly (155ms)
			BuildScriptInfoCaches (77ms)
			ResolveRequiredComponents (5ms)
	FinalizeReload (838ms)
		SetupLoadedEditorAssemblies (0ms)
			BeforeProcessingInitializeOnLoad (92ms)
			ProcessInitializeOnLoadAttributes (317ms)
			ProcessInitializeOnLoadMethodAttributes (224ms)
			AfterProcessingInitializeOnLoad (9ms)
		AwakeInstancesAfterBackupRestoration (11ms)
AcceleratorClientConnectionCallback - disconnected - :0
Launched and connected shader compiler UnityShaderCompiler.exe after 0.01 seconds
Refreshing native plugins compatible for Editor in 2.03 ms, found 5 plugins.
Unloading 22 Unused Serialized files (Serialized files now loaded: 0)
Curl error 3: URL rejected: Malformed input to a URL function
Unloading 7364 unused Assets / (5.5 MB). Loaded Objects now: 8374.
Memory consumption went from 354.0 MB to 348.5 MB.
Total: 9.552300 ms (FindLiveObjects: 0.783400 ms CreateObjectMapping: 0.910500 ms MarkObjects: 5.466000 ms  DeleteObjects: 2.390300 ms)

========================================================================
Received Prepare
AcceleratorClientConnectionCallback - disconnected - :0
[Licensing::Client] Successfully resolved entitlement details
Begin MonoManager ReloadAssembly
Native extension for WindowsStandalone target not found
Native extension for WebGL target not found
[Package Manager] Failed to launch server process. Reason: Unity was launched with the -noUpm command-line argument
[Package Manager] Unable to send message (not connected to server process).
[Package Manager] Cannot connect to Unity Package Manager local server
[Package Manager] Failed to launch server process. Reason: Unity was launched with the -noUpm command-line argument
[Package Manager] Unable to send message (not connected to server process).
[Package Manager] Cannot connect to Unity Package Manager local server
ScheduleIndexationOnStartup MainProcess:False IndexOnStartup:True
Mono: successfully reloaded assembly
- Finished resetting the current domain, in  0.707 seconds
Domain Reload Profiling: 1584ms
	BeginReloadAssembly (233ms)
		DisableScriptedObjects (18ms)
		CreateAndSetChildDomain (55ms)
	RebuildCommonClasses (8ms)
	RebuildNativeTypeToScriptingClass (20ms)
	initialDomainReloadingComplete (58ms)
	LoadAllAssembliesAndSetupDomain (557ms)
		LoadAssemblies (314ms)
		AnalyzeDomain (199ms)
			TypeCache.Refresh (11ms)
			BuildScriptInfoCaches (182ms)
			ResolveRequiredComponents (5ms)
	FinalizeReload (708ms)
		SetupLoadedEditorAssemblies (0ms)
			BeforeProcessingInitializeOnLoad (82ms)
			ProcessInitializeOnLoadAttributes (278ms)
			ProcessInitializeOnLoadMethodAttributes (123ms)
			AfterProcessingInitializeOnLoad (6ms)
		AwakeInstancesAfterBackupRestoration (22ms)
Refreshing native plugins compatible for Editor in 2.34 ms, found 5 plugins.
Unloading 22 Unused Serialized files (Serialized files now loaded: 0)
Unloading 7362 unused Assets / (5.9 MB). Loaded Objects now: 8378.
Memory consumption went from 342.8 MB to 336.9 MB.
Total: 9.782400 ms (FindLiveObjects: 0.775100 ms CreateObjectMapping: 1.028000 ms MarkObjects: 5.194100 ms  DeleteObjects: 2.784500 ms)

Prepare: number of updated asset objects reloaded= 0
========================================================================
Received Prepare
AcceleratorClientConnectionCallback - disconnected - :0
[Licensing::Client] Successfully resolved entitlement details
Begin MonoManager ReloadAssembly
Refreshing native plugins compatible for Editor in 2.30 ms, found 5 plugins.
Native extension for WindowsStandalone target not found
Native extension for WebGL target not found
[Package Manager] Failed to launch server process. Reason: Unity was launched with the -noUpm command-line argument
[Package Manager] Unable to send message (not connected to server process).
[Package Manager] Cannot connect to Unity Package Manager local server
[Package Manager] Failed to launch server process. Reason: Unity was launched with the -noUpm command-line argument
[Package Manager] Unable to send message (not connected to server process).
[Package Manager] Cannot connect to Unity Package Manager local server
ScheduleIndexationOnStartup MainProcess:False IndexOnStartup:True
Mono: successfully reloaded assembly
- Finished resetting the current domain, in  0.713 seconds
Domain Reload Profiling: 1564ms
	BeginReloadAssembly (224ms)
		DisableScriptedObjects (17ms)
		CreateAndSetChildDomain (60ms)
	RebuildCommonClasses (8ms)
	RebuildNativeTypeToScriptingClass (14ms)
	initialDomainReloadingComplete (55ms)
	LoadAllAssembliesAndSetupDomain (548ms)
		LoadAssemblies (299ms)
		AnalyzeDomain (219ms)
			TypeCache.Refresh (11ms)
			BuildScriptInfoCaches (201ms)
			ResolveRequiredComponents (5ms)
	FinalizeReload (714ms)
		SetupLoadedEditorAssemblies (0ms)
			BeforeProcessingInitializeOnLoad (82ms)
			ProcessInitializeOnLoadAttributes (286ms)
			ProcessInitializeOnLoadMethodAttributes (117ms)
			AfterProcessingInitializeOnLoad (6ms)
		AwakeInstancesAfterBackupRestoration (21ms)
Refreshing native plugins compatible for Editor in 2.04 ms, found 5 plugins.
Unloading 22 Unused Serialized files (Serialized files now loaded: 0)
Unloading 7362 unused Assets / (5.5 MB). Loaded Objects now: 8381.
Memory consumption went from 345.3 MB to 339.8 MB.
Total: 9.039600 ms (FindLiveObjects: 0.821100 ms CreateObjectMapping: 0.766800 ms MarkObjects: 5.091400 ms  DeleteObjects: 2.359500 ms)

Prepare: number of updated asset objects reloaded= 0
========================================================================
Received Prepare
AcceleratorClientConnectionCallback - disconnected - :0
Refreshing native plugins compatible for Editor in 2.59 ms, found 5 plugins.
Unloading 22 Unused Serialized files (Serialized files now loaded: 0)
Unloading 7347 unused Assets / (7.1 MB). Loaded Objects now: 8381.
Memory consumption went from 347.3 MB to 340.2 MB.
Total: 22.433900 ms (FindLiveObjects: 0.866900 ms CreateObjectMapping: 2.403800 ms MarkObjects: 11.357000 ms  DeleteObjects: 7.805600 ms)

Prepare: number of updated asset objects reloaded= 0
========================================================================
Received Prepare
AcceleratorClientConnectionCallback - disconnected - :0
[Licensing::Client] Successfully resolved entitlement details
Begin MonoManager ReloadAssembly
Refreshing native plugins compatible for Editor in 2.57 ms, found 5 plugins.
Native extension for WindowsStandalone target not found
Native extension for WebGL target not found
[Package Manager] Failed to launch server process. Reason: Unity was launched with the -noUpm command-line argument
[Package Manager] Unable to send message (not connected to server process).
[Package Manager] Cannot connect to Unity Package Manager local server
[Package Manager] Failed to launch server process. Reason: Unity was launched with the -noUpm command-line argument
[Package Manager] Unable to send message (not connected to server process).
[Package Manager] Cannot connect to Unity Package Manager local server
ScheduleIndexationOnStartup MainProcess:False IndexOnStartup:True
Mono: successfully reloaded assembly
- Finished resetting the current domain, in  0.747 seconds
Domain Reload Profiling: 1610ms
	BeginReloadAssembly (225ms)
		DisableScriptedObjects (16ms)
		CreateAndSetChildDomain (55ms)
	RebuildCommonClasses (8ms)
	RebuildNativeTypeToScriptingClass (15ms)
	initialDomainReloadingComplete (61ms)
	LoadAllAssembliesAndSetupDomain (553ms)
		LoadAssemblies (310ms)
		AnalyzeDomain (210ms)
			TypeCache.Refresh (11ms)
			BuildScriptInfoCaches (191ms)
			ResolveRequiredComponents (5ms)
	FinalizeReload (748ms)
		SetupLoadedEditorAssemblies (0ms)
			BeforeProcessingInitializeOnLoad (86ms)
			ProcessInitializeOnLoadAttributes (283ms)
			ProcessInitializeOnLoadMethodAttributes (117ms)
			AfterProcessingInitializeOnLoad (6ms)
		AwakeInstancesAfterBackupRestoration (22ms)
Refreshing native plugins compatible for Editor in 2.01 ms, found 5 plugins.
Unloading 22 Unused Serialized files (Serialized files now loaded: 0)
Unloading 7362 unused Assets / (5.7 MB). Loaded Objects now: 8384.
Memory consumption went from 353.1 MB to 347.4 MB.
Total: 9.110800 ms (FindLiveObjects: 0.707600 ms CreateObjectMapping: 0.823600 ms MarkObjects: 5.063700 ms  DeleteObjects: 2.515200 ms)

Prepare: number of updated asset objects reloaded= 0
========================================================================
Received Prepare
AcceleratorClientConnectionCallback - disconnected - :0
Begin MonoManager ReloadAssembly
Refreshing native plugins compatible for Editor in 2.19 ms, found 5 plugins.
Native extension for WindowsStandalone target not found
Native extension for WebGL target not found
[Package Manager] Failed to launch server process. Reason: Unity was launched with the -noUpm command-line argument
[Package Manager] Unable to send message (not connected to server process).
[Package Manager] Cannot connect to Unity Package Manager local server
[Package Manager] Failed to launch server process. Reason: Unity was launched with the -noUpm command-line argument
[Package Manager] Unable to send message (not connected to server process).
[Package Manager] Cannot connect to Unity Package Manager local server
ScheduleIndexationOnStartup MainProcess:False IndexOnStartup:True
Mono: successfully reloaded assembly
- Finished resetting the current domain, in  0.773 seconds
Domain Reload Profiling: 1635ms
	BeginReloadAssembly (247ms)
		DisableScriptedObjects (16ms)
		CreateAndSetChildDomain (58ms)
	RebuildCommonClasses (8ms)
	RebuildNativeTypeToScriptingClass (15ms)
	initialDomainReloadingComplete (53ms)
	LoadAllAssembliesAndSetupDomain (539ms)
		LoadAssemblies (309ms)
		AnalyzeDomain (221ms)
			TypeCache.Refresh (10ms)
			BuildScriptInfoCaches (205ms)
			ResolveRequiredComponents (5ms)
	FinalizeReload (774ms)
		SetupLoadedEditorAssemblies (0ms)
			BeforeProcessingInitializeOnLoad (98ms)
			ProcessInitializeOnLoadAttributes (291ms)
			ProcessInitializeOnLoadMethodAttributes (119ms)
			AfterProcessingInitializeOnLoad (7ms)
		AwakeInstancesAfterBackupRestoration (23ms)
Refreshing native plugins compatible for Editor in 2.50 ms, found 5 plugins.
Unloading 22 Unused Serialized files (Serialized files now loaded: 0)
Unloading 7362 unused Assets / (6.0 MB). Loaded Objects now: 8387.
Memory consumption went from 357.4 MB to 351.4 MB.
Total: 10.546300 ms (FindLiveObjects: 0.847000 ms CreateObjectMapping: 1.041400 ms MarkObjects: 5.549800 ms  DeleteObjects: 3.107400 ms)

Prepare: number of updated asset objects reloaded= 0
========================================================================
Received Prepare
AcceleratorClientConnectionCallback - disconnected - :0
Refreshing native plugins compatible for Editor in 3.21 ms, found 5 plugins.
Unloading 22 Unused Serialized files (Serialized files now loaded: 0)
Unloading 7347 unused Assets / (6.2 MB). Loaded Objects now: 8387.
Memory consumption went from 359.4 MB to 353.2 MB.
Total: 14.922400 ms (FindLiveObjects: 0.981000 ms CreateObjectMapping: 1.290400 ms MarkObjects: 8.300500 ms  DeleteObjects: 4.349300 ms)

Prepare: number of updated asset objects reloaded= 0
========================================================================
Received Prepare
AcceleratorClientConnectionCallback - disconnected - :0
[Licensing::Client] Successfully resolved entitlement details
Begin MonoManager ReloadAssembly
Native extension for WindowsStandalone target not found
Native extension for WebGL target not found
[Package Manager] Failed to launch server process. Reason: Unity was launched with the -noUpm command-line argument
[Package Manager] Unable to send message (not connected to server process).
[Package Manager] Cannot connect to Unity Package Manager local server
[Package Manager] Failed to launch server process. Reason: Unity was launched with the -noUpm command-line argument
[Package Manager] Unable to send message (not connected to server process).
[Package Manager] Cannot connect to Unity Package Manager local server
ScheduleIndexationOnStartup MainProcess:False IndexOnStartup:True
Mono: successfully reloaded assembly
- Finished resetting the current domain, in  0.732 seconds
Domain Reload Profiling: 2698ms
	BeginReloadAssembly (352ms)
		DisableScriptedObjects (19ms)
		CreateAndSetChildDomain (54ms)
	RebuildCommonClasses (12ms)
	RebuildNativeTypeToScriptingClass (75ms)
	initialDomainReloadingComplete (62ms)
	LoadAllAssembliesAndSetupDomain (1465ms)
		LoadAssemblies (1314ms)
		AnalyzeDomain (244ms)
			TypeCache.Refresh (11ms)
			BuildScriptInfoCaches (227ms)
			ResolveRequiredComponents (5ms)
	FinalizeReload (733ms)
		SetupLoadedEditorAssemblies (0ms)
			BeforeProcessingInitializeOnLoad (89ms)
			ProcessInitializeOnLoadAttributes (285ms)
			ProcessInitializeOnLoadMethodAttributes (118ms)
			AfterProcessingInitializeOnLoad (6ms)
		AwakeInstancesAfterBackupRestoration (22ms)
Refreshing native plugins compatible for Editor in 2.19 ms, found 5 plugins.
Unloading 22 Unused Serialized files (Serialized files now loaded: 0)
Unloading 7362 unused Assets / (5.6 MB). Loaded Objects now: 8390.
Memory consumption went from 362.7 MB to 357.1 MB.
Total: 9.194600 ms (FindLiveObjects: 0.792800 ms CreateObjectMapping: 0.962600 ms MarkObjects: 4.846500 ms  DeleteObjects: 2.591900 ms)

Prepare: number of updated asset objects reloaded= 0
========================================================================
Received Prepare
AcceleratorClientConnectionCallback - disconnected - :0
Refreshing native plugins compatible for Editor in 2.78 ms, found 5 plugins.
Unloading 22 Unused Serialized files (Serialized files now loaded: 0)
Unloading 7347 unused Assets / (6.2 MB). Loaded Objects now: 8390.
Memory consumption went from 364.7 MB to 358.5 MB.
Total: 20.584100 ms (FindLiveObjects: 0.860700 ms CreateObjectMapping: 1.325100 ms MarkObjects: 13.658600 ms  DeleteObjects: 4.738800 ms)

Prepare: number of updated asset objects reloaded= 0
========================================================================
Received Prepare
AcceleratorClientConnectionCallback - disconnected - :0
[Licensing::Client] Successfully resolved entitlement details
Begin MonoManager ReloadAssembly
Native extension for WindowsStandalone target not found
Native extension for WebGL target not found
[Package Manager] Failed to launch server process. Reason: Unity was launched with the -noUpm command-line argument
[Package Manager] Unable to send message (not connected to server process).
[Package Manager] Cannot connect to Unity Package Manager local server
[Package Manager] Failed to launch server process. Reason: Unity was launched with the -noUpm command-line argument
[Package Manager] Unable to send message (not connected to server process).
[Package Manager] Cannot connect to Unity Package Manager local server
ScheduleIndexationOnStartup MainProcess:False IndexOnStartup:True
Mono: successfully reloaded assembly
- Finished resetting the current domain, in  0.720 seconds
Domain Reload Profiling: 1581ms
	BeginReloadAssembly (221ms)
		DisableScriptedObjects (18ms)
		CreateAndSetChildDomain (53ms)
	RebuildCommonClasses (8ms)
	RebuildNativeTypeToScriptingClass (16ms)
	initialDomainReloadingComplete (62ms)
	LoadAllAssembliesAndSetupDomain (554ms)
		LoadAssemblies (300ms)
		AnalyzeDomain (220ms)
			TypeCache.Refresh (11ms)
			BuildScriptInfoCaches (202ms)
			ResolveRequiredComponents (5ms)
	FinalizeReload (720ms)
		SetupLoadedEditorAssemblies (0ms)
			BeforeProcessingInitializeOnLoad (90ms)
			ProcessInitializeOnLoadAttributes (276ms)
			ProcessInitializeOnLoadMethodAttributes (121ms)
			AfterProcessingInitializeOnLoad (6ms)
		AwakeInstancesAfterBackupRestoration (22ms)
Refreshing native plugins compatible for Editor in 2.07 ms, found 5 plugins.
Unloading 22 Unused Serialized files (Serialized files now loaded: 0)
Unloading 7362 unused Assets / (5.6 MB). Loaded Objects now: 8393.
Memory consumption went from 368.2 MB to 362.5 MB.
Total: 10.167400 ms (FindLiveObjects: 0.738800 ms CreateObjectMapping: 0.871700 ms MarkObjects: 5.299600 ms  DeleteObjects: 3.256800 ms)

Prepare: number of updated asset objects reloaded= 0
========================================================================
Received Prepare
AcceleratorClientConnectionCallback - disconnected - :0
[Licensing::Client] Successfully resolved entitlement details
Begin MonoManager ReloadAssembly
Refreshing native plugins compatible for Editor in 2.20 ms, found 5 plugins.
Native extension for WindowsStandalone target not found
Native extension for WebGL target not found
[Package Manager] Failed to launch server process. Reason: Unity was launched with the -noUpm command-line argument
[Package Manager] Unable to send message (not connected to server process).
[Package Manager] Cannot connect to Unity Package Manager local server
[Package Manager] Failed to launch server process. Reason: Unity was launched with the -noUpm command-line argument
[Package Manager] Unable to send message (not connected to server process).
[Package Manager] Cannot connect to Unity Package Manager local server
ScheduleIndexationOnStartup MainProcess:False IndexOnStartup:True
Mono: successfully reloaded assembly
- Finished resetting the current domain, in  0.782 seconds
Domain Reload Profiling: 1641ms
	BeginReloadAssembly (222ms)
		DisableScriptedObjects (18ms)
		CreateAndSetChildDomain (53ms)
	RebuildCommonClasses (12ms)
	RebuildNativeTypeToScriptingClass (18ms)
	initialDomainReloadingComplete (55ms)
	LoadAllAssembliesAndSetupDomain (552ms)
		LoadAssemblies (307ms)
		AnalyzeDomain (211ms)
			TypeCache.Refresh (10ms)
			BuildScriptInfoCaches (195ms)
			ResolveRequiredComponents (5ms)
	FinalizeReload (782ms)
		SetupLoadedEditorAssemblies (0ms)
			BeforeProcessingInitializeOnLoad (97ms)
			ProcessInitializeOnLoadAttributes (286ms)
			ProcessInitializeOnLoadMethodAttributes (117ms)
			AfterProcessingInitializeOnLoad (6ms)
		AwakeInstancesAfterBackupRestoration (22ms)
Unloading 22 Unused Serialized files (Serialized files now loaded: 0)
Unloading 7362 unused Assets / (5.2 MB). Loaded Objects now: 8396.
Memory consumption went from 371.6 MB to 366.3 MB.
Total: 8.330800 ms (FindLiveObjects: 0.744700 ms CreateObjectMapping: 0.635700 ms MarkObjects: 4.814600 ms  DeleteObjects: 2.135000 ms)

Prepare: number of updated asset objects reloaded= 0
========================================================================
Received Prepare
AcceleratorClientConnectionCallback - disconnected - :0
[Licensing::Client] Successfully resolved entitlement details
Begin MonoManager ReloadAssembly
Refreshing native plugins compatible for Editor in 2.52 ms, found 5 plugins.
Native extension for WindowsStandalone target not found
Native extension for WebGL target not found
[Package Manager] Failed to launch server process. Reason: Unity was launched with the -noUpm command-line argument
[Package Manager] Unable to send message (not connected to server process).
[Package Manager] Cannot connect to Unity Package Manager local server
[Package Manager] Failed to launch server process. Reason: Unity was launched with the -noUpm command-line argument
[Package Manager] Unable to send message (not connected to server process).
[Package Manager] Cannot connect to Unity Package Manager local server
ScheduleIndexationOnStartup MainProcess:False IndexOnStartup:True
Mono: successfully reloaded assembly
- Finished resetting the current domain, in  0.782 seconds
Domain Reload Profiling: 1632ms
	BeginReloadAssembly (233ms)
		DisableScriptedObjects (16ms)
		CreateAndSetChildDomain (54ms)
	RebuildCommonClasses (8ms)
	RebuildNativeTypeToScriptingClass (15ms)
	initialDomainReloadingComplete (62ms)
	LoadAllAssembliesAndSetupDomain (531ms)
		LoadAssemblies (295ms)
		AnalyzeDomain (206ms)
			TypeCache.Refresh (12ms)
			BuildScriptInfoCaches (188ms)
			ResolveRequiredComponents (5ms)
	FinalizeReload (783ms)
		SetupLoadedEditorAssemblies (0ms)
			BeforeProcessingInitializeOnLoad (101ms)
			ProcessInitializeOnLoadAttributes (298ms)
			ProcessInitializeOnLoadMethodAttributes (118ms)
			AfterProcessingInitializeOnLoad (6ms)
		AwakeInstancesAfterBackupRestoration (21ms)
Refreshing native plugins compatible for Editor in 2.04 ms, found 5 plugins.
Unloading 22 Unused Serialized files (Serialized files now loaded: 0)
Unloading 7362 unused Assets / (5.8 MB). Loaded Objects now: 8399.
Memory consumption went from 374.8 MB to 369.0 MB.
Total: 10.177700 ms (FindLiveObjects: 0.759800 ms CreateObjectMapping: 0.963600 ms MarkObjects: 5.424900 ms  DeleteObjects: 3.028500 ms)

Prepare: number of updated asset objects reloaded= 0
========================================================================
Received Prepare
AcceleratorClientConnectionCallback - disconnected - :0
Refreshing native plugins compatible for Editor in 3.30 ms, found 5 plugins.
Unloading 22 Unused Serialized files (Serialized files now loaded: 0)
Unloading 7347 unused Assets / (5.3 MB). Loaded Objects now: 8399.
Memory consumption went from 376.8 MB to 371.5 MB.
Total: 13.204100 ms (FindLiveObjects: 1.346800 ms CreateObjectMapping: 1.245900 ms MarkObjects: 7.903900 ms  DeleteObjects: 2.706900 ms)

Prepare: number of updated asset objects reloaded= 0
========================================================================
Received Prepare
AcceleratorClientConnectionCallback - disconnected - :0
Begin MonoManager ReloadAssembly
Refreshing native plugins compatible for Editor in 2.44 ms, found 5 plugins.
Native extension for WindowsStandalone target not found
Native extension for WebGL target not found
[Package Manager] Failed to launch server process. Reason: Unity was launched with the -noUpm command-line argument
[Package Manager] Unable to send message (not connected to server process).
[Package Manager] Cannot connect to Unity Package Manager local server
[Package Manager] Failed to launch server process. Reason: Unity was launched with the -noUpm command-line argument
[Package Manager] Unable to send message (not connected to server process).
[Package Manager] Cannot connect to Unity Package Manager local server
ScheduleIndexationOnStartup MainProcess:False IndexOnStartup:True
Mono: successfully reloaded assembly
- Finished resetting the current domain, in  0.747 seconds
Domain Reload Profiling: 1600ms
	BeginReloadAssembly (225ms)
		DisableScriptedObjects (17ms)
		CreateAndSetChildDomain (54ms)
	RebuildCommonClasses (8ms)
	RebuildNativeTypeToScriptingClass (15ms)
	initialDomainReloadingComplete (55ms)
	LoadAllAssembliesAndSetupDomain (548ms)
		LoadAssemblies (295ms)
		AnalyzeDomain (213ms)
			TypeCache.Refresh (14ms)
			BuildScriptInfoCaches (193ms)
			ResolveRequiredComponents (5ms)
	FinalizeReload (748ms)
		SetupLoadedEditorAssemblies (0ms)
			BeforeProcessingInitializeOnLoad (84ms)
			ProcessInitializeOnLoadAttributes (285ms)
			ProcessInitializeOnLoadMethodAttributes (118ms)
			AfterProcessingInitializeOnLoad (6ms)
		AwakeInstancesAfterBackupRestoration (22ms)
Refreshing native plugins compatible for Editor in 2.12 ms, found 5 plugins.
Unloading 22 Unused Serialized files (Serialized files now loaded: 0)
Unloading 7362 unused Assets / (5.8 MB). Loaded Objects now: 8402.
Memory consumption went from 379.9 MB to 374.2 MB.
Total: 9.294100 ms (FindLiveObjects: 0.751600 ms CreateObjectMapping: 0.854900 ms MarkObjects: 5.193700 ms  DeleteObjects: 2.493300 ms)

Prepare: number of updated asset objects reloaded= 0
========================================================================
Received Prepare
AcceleratorClientConnectionCallback - disconnected - :0
[Licensing::Client] Successfully resolved entitlement details
Begin MonoManager ReloadAssembly
Native extension for WindowsStandalone target not found
Native extension for WebGL target not found
[Package Manager] Failed to launch server process. Reason: Unity was launched with the -noUpm command-line argument
[Package Manager] Unable to send message (not connected to server process).
[Package Manager] Cannot connect to Unity Package Manager local server
[Package Manager] Failed to launch server process. Reason: Unity was launched with the -noUpm command-line argument
[Package Manager] Unable to send message (not connected to server process).
[Package Manager] Cannot connect to Unity Package Manager local server
ScheduleIndexationOnStartup MainProcess:False IndexOnStartup:True
Mono: successfully reloaded assembly
- Finished resetting the current domain, in  0.746 seconds
Domain Reload Profiling: 1592ms
	BeginReloadAssembly (225ms)
		DisableScriptedObjects (16ms)
		CreateAndSetChildDomain (53ms)
	RebuildCommonClasses (8ms)
	RebuildNativeTypeToScriptingClass (15ms)
	initialDomainReloadingComplete (55ms)
	LoadAllAssembliesAndSetupDomain (541ms)
		LoadAssemblies (301ms)
		AnalyzeDomain (210ms)
			TypeCache.Refresh (14ms)
			BuildScriptInfoCaches (189ms)
			ResolveRequiredComponents (5ms)
	FinalizeReload (747ms)
		SetupLoadedEditorAssemblies (0ms)
			BeforeProcessingInitializeOnLoad (85ms)
			ProcessInitializeOnLoadAttributes (295ms)
			ProcessInitializeOnLoadMethodAttributes (126ms)
			AfterProcessingInitializeOnLoad (10ms)
		AwakeInstancesAfterBackupRestoration (25ms)
Refreshing native plugins compatible for Editor in 2.08 ms, found 5 plugins.
Unloading 22 Unused Serialized files (Serialized files now loaded: 0)
Unloading 7362 unused Assets / (5.4 MB). Loaded Objects now: 8405.
Memory consumption went from 383.1 MB to 377.8 MB.
Total: 9.561200 ms (FindLiveObjects: 0.805600 ms CreateObjectMapping: 0.904600 ms MarkObjects: 5.362600 ms  DeleteObjects: 2.487600 ms)

Prepare: number of updated asset objects reloaded= 0
========================================================================
Received Prepare
AcceleratorClientConnectionCallback - disconnected - :0
Begin MonoManager ReloadAssembly
Native extension for WindowsStandalone target not found
Native extension for WebGL target not found
[Package Manager] Failed to launch server process. Reason: Unity was launched with the -noUpm command-line argument
[Package Manager] Unable to send message (not connected to server process).
[Package Manager] Cannot connect to Unity Package Manager local server
[Package Manager] Failed to launch server process. Reason: Unity was launched with the -noUpm command-line argument
[Package Manager] Unable to send message (not connected to server process).
[Package Manager] Cannot connect to Unity Package Manager local server
ScheduleIndexationOnStartup MainProcess:False IndexOnStartup:True
Mono: successfully reloaded assembly
- Finished resetting the current domain, in  0.718 seconds
Domain Reload Profiling: 1576ms
	BeginReloadAssembly (222ms)
		DisableScriptedObjects (17ms)
		CreateAndSetChildDomain (56ms)
	RebuildCommonClasses (9ms)
	RebuildNativeTypeToScriptingClass (15ms)
	initialDomainReloadingComplete (60ms)
	LoadAllAssembliesAndSetupDomain (551ms)
		LoadAssemblies (289ms)
		AnalyzeDomain (230ms)
			TypeCache.Refresh (12ms)
			BuildScriptInfoCaches (212ms)
			ResolveRequiredComponents (5ms)
	FinalizeReload (719ms)
		SetupLoadedEditorAssemblies (0ms)
			BeforeProcessingInitializeOnLoad (84ms)
			ProcessInitializeOnLoadAttributes (285ms)
			ProcessInitializeOnLoadMethodAttributes (118ms)
			AfterProcessingInitializeOnLoad (5ms)
		AwakeInstancesAfterBackupRestoration (22ms)
Unloading 22 Unused Serialized files (Serialized files now loaded: 0)
Unloading 7362 unused Assets / (5.6 MB). Loaded Objects now: 8408.
Memory consumption went from 386.3 MB to 380.7 MB.
Total: 9.417300 ms (FindLiveObjects: 0.775900 ms CreateObjectMapping: 0.918400 ms MarkObjects: 5.199300 ms  DeleteObjects: 2.523000 ms)

Prepare: number of updated asset objects reloaded= 0
========================================================================
Received Prepare
AcceleratorClientConnectionCallback - disconnected - :0
Refreshing native plugins compatible for Editor in 3.14 ms, found 5 plugins.
Unloading 22 Unused Serialized files (Serialized files now loaded: 0)
Unloading 7347 unused Assets / (5.9 MB). Loaded Objects now: 8408.
Memory consumption went from 388.3 MB to 382.5 MB.
Total: 11.227500 ms (FindLiveObjects: 1.093900 ms CreateObjectMapping: 1.238300 ms MarkObjects: 5.769500 ms  DeleteObjects: 3.125000 ms)

Prepare: number of updated asset objects reloaded= 0
========================================================================
Received Prepare
AcceleratorClientConnectionCallback - disconnected - :0
[Licensing::Client] Successfully resolved entitlement details
Begin MonoManager ReloadAssembly
Refreshing native plugins compatible for Editor in 2.25 ms, found 5 plugins.
Native extension for WindowsStandalone target not found
Native extension for WebGL target not found
[Package Manager] Failed to launch server process. Reason: Unity was launched with the -noUpm command-line argument
[Package Manager] Unable to send message (not connected to server process).
[Package Manager] Cannot connect to Unity Package Manager local server
[Package Manager] Failed to launch server process. Reason: Unity was launched with the -noUpm command-line argument
[Package Manager] Unable to send message (not connected to server process).
[Package Manager] Cannot connect to Unity Package Manager local server
ScheduleIndexationOnStartup MainProcess:False IndexOnStartup:True
Mono: successfully reloaded assembly
- Finished resetting the current domain, in  0.769 seconds
Domain Reload Profiling: 1625ms
	BeginReloadAssembly (227ms)
		DisableScriptedObjects (16ms)
		CreateAndSetChildDomain (62ms)
	RebuildCommonClasses (8ms)
	RebuildNativeTypeToScriptingClass (15ms)
	initialDomainReloadingComplete (58ms)
	LoadAllAssembliesAndSetupDomain (547ms)
		LoadAssemblies (294ms)
		AnalyzeDomain (208ms)
			TypeCache.Refresh (11ms)
			BuildScriptInfoCaches (188ms)
			ResolveRequiredComponents (7ms)
	FinalizeReload (770ms)
		SetupLoadedEditorAssemblies (0ms)
			BeforeProcessingInitializeOnLoad (103ms)
			ProcessInitializeOnLoadAttributes (280ms)
			ProcessInitializeOnLoadMethodAttributes (120ms)
			AfterProcessingInitializeOnLoad (6ms)
		AwakeInstancesAfterBackupRestoration (22ms)
Unloading 22 Unused Serialized files (Serialized files now loaded: 0)
Unloading 7362 unused Assets / (5.4 MB). Loaded Objects now: 8411.
Memory consumption went from 391.7 MB to 386.4 MB.
Total: 8.352800 ms (FindLiveObjects: 0.805500 ms CreateObjectMapping: 0.654400 ms MarkObjects: 4.750200 ms  DeleteObjects: 2.142200 ms)

Prepare: number of updated asset objects reloaded= 0
========================================================================
Received Prepare
AcceleratorClientConnectionCallback - disconnected - :0
[Licensing::Client] Successfully resolved entitlement details
Begin MonoManager ReloadAssembly
Refreshing native plugins compatible for Editor in 2.85 ms, found 5 plugins.
Native extension for WindowsStandalone target not found
Native extension for WebGL target not found
[Package Manager] Failed to launch server process. Reason: Unity was launched with the -noUpm command-line argument
[Package Manager] Unable to send message (not connected to server process).
[Package Manager] Cannot connect to Unity Package Manager local server
[Package Manager] Failed to launch server process. Reason: Unity was launched with the -noUpm command-line argument
[Package Manager] Unable to send message (not connected to server process).
[Package Manager] Cannot connect to Unity Package Manager local server
ScheduleIndexationOnStartup MainProcess:False IndexOnStartup:True
Mono: successfully reloaded assembly
- Finished resetting the current domain, in  0.773 seconds
Domain Reload Profiling: 1635ms
	BeginReloadAssembly (244ms)
		DisableScriptedObjects (17ms)
		CreateAndSetChildDomain (62ms)
	RebuildCommonClasses (8ms)
	RebuildNativeTypeToScriptingClass (15ms)
	initialDomainReloadingComplete (58ms)
	LoadAllAssembliesAndSetupDomain (536ms)
		LoadAssemblies (299ms)
		AnalyzeDomain (207ms)
			TypeCache.Refresh (12ms)
			BuildScriptInfoCaches (189ms)
			ResolveRequiredComponents (5ms)
	FinalizeReload (774ms)
		SetupLoadedEditorAssemblies (0ms)
			InitializePlatformSupportModulesInManaged (3ms)
			BeforeProcessingInitializeOnLoad (102ms)
			ProcessInitializeOnLoadAttributes (289ms)
			ProcessInitializeOnLoadMethodAttributes (123ms)
			AfterProcessingInitializeOnLoad (6ms)
		AwakeInstancesAfterBackupRestoration (27ms)
Refreshing native plugins compatible for Editor in 2.03 ms, found 5 plugins.
Unloading 22 Unused Serialized files (Serialized files now loaded: 0)
Unloading 7362 unused Assets / (5.8 MB). Loaded Objects now: 8414.
Memory consumption went from 395.4 MB to 389.6 MB.
Total: 9.418400 ms (FindLiveObjects: 0.829700 ms CreateObjectMapping: 0.995300 ms MarkObjects: 5.003500 ms  DeleteObjects: 2.589100 ms)

Prepare: number of updated asset objects reloaded= 0
========================================================================
Received Prepare
AcceleratorClientConnectionCallback - disconnected - :0
[Licensing::Client] Successfully resolved entitlement details
Begin MonoManager ReloadAssembly
Refreshing native plugins compatible for Editor in 2.40 ms, found 5 plugins.
Native extension for WindowsStandalone target not found
Native extension for WebGL target not found
[Package Manager] Failed to launch server process. Reason: Unity was launched with the -noUpm command-line argument
[Package Manager] Unable to send message (not connected to server process).
[Package Manager] Cannot connect to Unity Package Manager local server
[Package Manager] Failed to launch server process. Reason: Unity was launched with the -noUpm command-line argument
[Package Manager] Unable to send message (not connected to server process).
[Package Manager] Cannot connect to Unity Package Manager local server
ScheduleIndexationOnStartup MainProcess:False IndexOnStartup:True
Mono: successfully reloaded assembly
- Finished resetting the current domain, in  0.843 seconds
Domain Reload Profiling: 1693ms
	BeginReloadAssembly (229ms)
		DisableScriptedObjects (17ms)
		CreateAndSetChildDomain (57ms)
	RebuildCommonClasses (8ms)
	RebuildNativeTypeToScriptingClass (15ms)
	initialDomainReloadingComplete (57ms)
	LoadAllAssembliesAndSetupDomain (539ms)
		LoadAssemblies (295ms)
		AnalyzeDomain (211ms)
			TypeCache.Refresh (11ms)
			BuildScriptInfoCaches (193ms)
			ResolveRequiredComponents (5ms)
	FinalizeReload (844ms)
		SetupLoadedEditorAssemblies (0ms)
			InitializePlatformSupportModulesInManaged (3ms)
			BeforeProcessingInitializeOnLoad (104ms)
			ProcessInitializeOnLoadAttributes (334ms)
			ProcessInitializeOnLoadMethodAttributes (136ms)
			AfterProcessingInitializeOnLoad (6ms)
		AwakeInstancesAfterBackupRestoration (25ms)
Refreshing native plugins compatible for Editor in 2.08 ms, found 5 plugins.
Unloading 22 Unused Serialized files (Serialized files now loaded: 0)
Unloading 7362 unused Assets / (6.0 MB). Loaded Objects now: 8417.
Memory consumption went from 398.8 MB to 392.8 MB.
Total: 12.777200 ms (FindLiveObjects: 0.973800 ms CreateObjectMapping: 1.256300 ms MarkObjects: 6.411700 ms  DeleteObjects: 4.134300 ms)

Prepare: number of updated asset objects reloaded= 0
========================================================================
Received Prepare
AcceleratorClientConnectionCallback - disconnected - :0
Refreshing native plugins compatible for Editor in 4.16 ms, found 5 plugins.
Unloading 22 Unused Serialized files (Serialized files now loaded: 0)
Unloading 7347 unused Assets / (5.6 MB). Loaded Objects now: 8417.
Memory consumption went from 400.7 MB to 395.1 MB.
Total: 11.513900 ms (FindLiveObjects: 1.431000 ms CreateObjectMapping: 1.408200 ms MarkObjects: 6.045300 ms  DeleteObjects: 2.628500 ms)

Prepare: number of updated asset objects reloaded= 0
========================================================================
Received Prepare
AcceleratorClientConnectionCallback - disconnected - :0
Refreshing native plugins compatible for Editor in 3.38 ms, found 5 plugins.
Unloading 22 Unused Serialized files (Serialized files now loaded: 0)
Unloading 7347 unused Assets / (6.0 MB). Loaded Objects now: 8417.
Memory consumption went from 402.6 MB to 396.7 MB.
Total: 14.329200 ms (FindLiveObjects: 1.240600 ms CreateObjectMapping: 1.446100 ms MarkObjects: 7.783700 ms  DeleteObjects: 3.857900 ms)

Prepare: number of updated asset objects reloaded= 0
========================================================================
Received Prepare
AcceleratorClientConnectionCallback - disconnected - :0
[Licensing::Client] Successfully resolved entitlement details
Begin MonoManager ReloadAssembly
Native extension for WindowsStandalone target not found
Native extension for WebGL target not found
[Package Manager] Failed to launch server process. Reason: Unity was launched with the -noUpm command-line argument
[Package Manager] Unable to send message (not connected to server process).
[Package Manager] Cannot connect to Unity Package Manager local server
[Package Manager] Failed to launch server process. Reason: Unity was launched with the -noUpm command-line argument
[Package Manager] Unable to send message (not connected to server process).
[Package Manager] Cannot connect to Unity Package Manager local server
ScheduleIndexationOnStartup MainProcess:False IndexOnStartup:True
Mono: successfully reloaded assembly
- Finished resetting the current domain, in  0.759 seconds
Domain Reload Profiling: 1676ms
	BeginReloadAssembly (236ms)
		DisableScriptedObjects (17ms)
		CreateAndSetChildDomain (56ms)
	RebuildCommonClasses (8ms)
	RebuildNativeTypeToScriptingClass (20ms)
	initialDomainReloadingComplete (58ms)
	LoadAllAssembliesAndSetupDomain (593ms)
		LoadAssemblies (344ms)
		AnalyzeDomain (216ms)
			TypeCache.Refresh (13ms)
			BuildScriptInfoCaches (196ms)
			ResolveRequiredComponents (5ms)
	FinalizeReload (760ms)
		SetupLoadedEditorAssemblies (0ms)
			BeforeProcessingInitializeOnLoad (84ms)
			ProcessInitializeOnLoadAttributes (299ms)
			ProcessInitializeOnLoadMethodAttributes (135ms)
			AfterProcessingInitializeOnLoad (7ms)
		AwakeInstancesAfterBackupRestoration (27ms)
Refreshing native plugins compatible for Editor in 2.21 ms, found 5 plugins.
Unloading 22 Unused Serialized files (Serialized files now loaded: 0)
Unloading 7362 unused Assets / (5.3 MB). Loaded Objects now: 8420.
Memory consumption went from 405.8 MB to 400.5 MB.
Total: 9.940000 ms (FindLiveObjects: 0.988800 ms CreateObjectMapping: 0.811500 ms MarkObjects: 5.354300 ms  DeleteObjects: 2.784900 ms)

Prepare: number of updated asset objects reloaded= 0
========================================================================
Received Prepare
AcceleratorClientConnectionCallback - disconnected - :0
[Licensing::Client] Successfully resolved entitlement details
Begin MonoManager ReloadAssembly
Refreshing native plugins compatible for Editor in 2.07 ms, found 5 plugins.
Native extension for WindowsStandalone target not found
Native extension for WebGL target not found
[Package Manager] Failed to launch server process. Reason: Unity was launched with the -noUpm command-line argument
[Package Manager] Unable to send message (not connected to server process).
[Package Manager] Cannot connect to Unity Package Manager local server
[Package Manager] Failed to launch server process. Reason: Unity was launched with the -noUpm command-line argument
[Package Manager] Unable to send message (not connected to server process).
[Package Manager] Cannot connect to Unity Package Manager local server
ScheduleIndexationOnStartup MainProcess:False IndexOnStartup:True
Mono: successfully reloaded assembly
- Finished resetting the current domain, in  0.774 seconds
Domain Reload Profiling: 1741ms
	BeginReloadAssembly (272ms)
		DisableScriptedObjects (18ms)
		CreateAndSetChildDomain (62ms)
	RebuildCommonClasses (9ms)
	RebuildNativeTypeToScriptingClass (16ms)
	initialDomainReloadingComplete (71ms)
	LoadAllAssembliesAndSetupDomain (598ms)
		LoadAssemblies (351ms)
		AnalyzeDomain (232ms)
			TypeCache.Refresh (12ms)
			BuildScriptInfoCaches (213ms)
			ResolveRequiredComponents (5ms)
	FinalizeReload (775ms)
		SetupLoadedEditorAssemblies (0ms)
			BeforeProcessingInitializeOnLoad (89ms)
			ProcessInitializeOnLoadAttributes (300ms)
			ProcessInitializeOnLoadMethodAttributes (131ms)
			AfterProcessingInitializeOnLoad (7ms)
		AwakeInstancesAfterBackupRestoration (25ms)
Refreshing native plugins compatible for Editor in 2.04 ms, found 5 plugins.
Unloading 22 Unused Serialized files (Serialized files now loaded: 0)
Unloading 7362 unused Assets / (5.5 MB). Loaded Objects now: 8423.
Memory consumption went from 408.8 MB to 403.3 MB.
Total: 9.507100 ms (FindLiveObjects: 0.895500 ms CreateObjectMapping: 0.698900 ms MarkObjects: 5.073300 ms  DeleteObjects: 2.838700 ms)

Prepare: number of updated asset objects reloaded= 0
========================================================================
Received Prepare
AcceleratorClientConnectionCallback - disconnected - :0
[Licensing::Client] Successfully resolved entitlement details
Begin MonoManager ReloadAssembly
Refreshing native plugins compatible for Editor in 2.32 ms, found 5 plugins.
Native extension for WindowsStandalone target not found
Native extension for WebGL target not found
[Package Manager] Failed to launch server process. Reason: Unity was launched with the -noUpm command-line argument
[Package Manager] Unable to send message (not connected to server process).
[Package Manager] Cannot connect to Unity Package Manager local server
[Package Manager] Failed to launch server process. Reason: Unity was launched with the -noUpm command-line argument
[Package Manager] Unable to send message (not connected to server process).
[Package Manager] Cannot connect to Unity Package Manager local server
ScheduleIndexationOnStartup MainProcess:False IndexOnStartup:True
Mono: successfully reloaded assembly
- Finished resetting the current domain, in  0.724 seconds
Domain Reload Profiling: 1570ms
	BeginReloadAssembly (225ms)
		DisableScriptedObjects (17ms)
		CreateAndSetChildDomain (56ms)
	RebuildCommonClasses (8ms)
	RebuildNativeTypeToScriptingClass (15ms)
	initialDomainReloadingComplete (57ms)
	LoadAllAssembliesAndSetupDomain (540ms)
		LoadAssemblies (295ms)
		AnalyzeDomain (215ms)
			TypeCache.Refresh (11ms)
			BuildScriptInfoCaches (198ms)
			ResolveRequiredComponents (5ms)
	FinalizeReload (725ms)
		SetupLoadedEditorAssemblies (0ms)
			BeforeProcessingInitializeOnLoad (83ms)
			ProcessInitializeOnLoadAttributes (286ms)
			ProcessInitializeOnLoadMethodAttributes (118ms)
			AfterProcessingInitializeOnLoad (6ms)
		AwakeInstancesAfterBackupRestoration (24ms)
Unloading 22 Unused Serialized files (Serialized files now loaded: 0)
Unloading 7362 unused Assets / (5.2 MB). Loaded Objects now: 8426.
Memory consumption went from 412.0 MB to 406.8 MB.
Total: 9.290300 ms (FindLiveObjects: 0.785100 ms CreateObjectMapping: 0.650100 ms MarkObjects: 5.343100 ms  DeleteObjects: 2.511300 ms)

Prepare: number of updated asset objects reloaded= 0
========================================================================
Received Prepare
AcceleratorClientConnectionCallback - disconnected - :0
[Licensing::Client] Successfully resolved entitlement details
Begin MonoManager ReloadAssembly
Native extension for WindowsStandalone target not found
Native extension for WebGL target not found
[Package Manager] Failed to launch server process. Reason: Unity was launched with the -noUpm command-line argument
[Package Manager] Unable to send message (not connected to server process).
[Package Manager] Cannot connect to Unity Package Manager local server
[Package Manager] Failed to launch server process. Reason: Unity was launched with the -noUpm command-line argument
[Package Manager] Unable to send message (not connected to server process).
[Package Manager] Cannot connect to Unity Package Manager local server
ScheduleIndexationOnStartup MainProcess:False IndexOnStartup:True
Mono: successfully reloaded assembly
- Finished resetting the current domain, in  0.724 seconds
Domain Reload Profiling: 1620ms
	BeginReloadAssembly (235ms)
		DisableScriptedObjects (17ms)
		CreateAndSetChildDomain (58ms)
	RebuildCommonClasses (13ms)
	RebuildNativeTypeToScriptingClass (15ms)
	initialDomainReloadingComplete (58ms)
	LoadAllAssembliesAndSetupDomain (573ms)
		LoadAssemblies (307ms)
		AnalyzeDomain (222ms)
			TypeCache.Refresh (11ms)
			BuildScriptInfoCaches (204ms)
			ResolveRequiredComponents (5ms)
	FinalizeReload (725ms)
		SetupLoadedEditorAssemblies (0ms)
			BeforeProcessingInitializeOnLoad (84ms)
			ProcessInitializeOnLoadAttributes (283ms)
			ProcessInitializeOnLoadMethodAttributes (124ms)
			AfterProcessingInitializeOnLoad (6ms)
		AwakeInstancesAfterBackupRestoration (23ms)
Refreshing native plugins compatible for Editor in 2.02 ms, found 5 plugins.
Unloading 22 Unused Serialized files (Serialized files now loaded: 0)
Unloading 7362 unused Assets / (5.8 MB). Loaded Objects now: 8429.
Memory consumption went from 415.0 MB to 409.2 MB.
Total: 9.664000 ms (FindLiveObjects: 0.842400 ms CreateObjectMapping: 0.916100 ms MarkObjects: 5.080300 ms  DeleteObjects: 2.824600 ms)

Prepare: number of updated asset objects reloaded= 0
========================================================================
Received Prepare
AcceleratorClientConnectionCallback - disconnected - :0
[Licensing::Client] Successfully resolved entitlement details
Begin MonoManager ReloadAssembly
Native extension for WindowsStandalone target not found
Native extension for WebGL target not found
[Package Manager] Failed to launch server process. Reason: Unity was launched with the -noUpm command-line argument
[Package Manager] Unable to send message (not connected to server process).
[Package Manager] Cannot connect to Unity Package Manager local server
[Package Manager] Failed to launch server process. Reason: Unity was launched with the -noUpm command-line argument
[Package Manager] Unable to send message (not connected to server process).
[Package Manager] Cannot connect to Unity Package Manager local server
ScheduleIndexationOnStartup MainProcess:False IndexOnStartup:True
Mono: successfully reloaded assembly
- Finished resetting the current domain, in  0.729 seconds
Domain Reload Profiling: 1597ms
	BeginReloadAssembly (233ms)
		DisableScriptedObjects (18ms)
		CreateAndSetChildDomain (60ms)
	RebuildCommonClasses (8ms)
	RebuildNativeTypeToScriptingClass (15ms)
	initialDomainReloadingComplete (59ms)
	LoadAllAssembliesAndSetupDomain (552ms)
		LoadAssemblies (298ms)
		AnalyzeDomain (217ms)
			TypeCache.Refresh (11ms)
			BuildScriptInfoCaches (199ms)
			ResolveRequiredComponents (5ms)
	FinalizeReload (730ms)
		SetupLoadedEditorAssemblies (0ms)
			BeforeProcessingInitializeOnLoad (84ms)
			ProcessInitializeOnLoadAttributes (281ms)
			ProcessInitializeOnLoadMethodAttributes (121ms)
			AfterProcessingInitializeOnLoad (6ms)
		AwakeInstancesAfterBackupRestoration (23ms)
Refreshing native plugins compatible for Editor in 2.13 ms, found 5 plugins.
Unloading 22 Unused Serialized files (Serialized files now loaded: 0)
Unloading 7362 unused Assets / (5.8 MB). Loaded Objects now: 8432.
Memory consumption went from 418.0 MB to 412.2 MB.
Total: 11.285700 ms (FindLiveObjects: 1.148700 ms CreateObjectMapping: 1.095800 ms MarkObjects: 6.010300 ms  DeleteObjects: 3.030200 ms)

Prepare: number of updated asset objects reloaded= 0
========================================================================
Received Prepare
AcceleratorClientConnectionCallback - disconnected - :0
[Licensing::Client] Successfully resolved entitlement details
Begin MonoManager ReloadAssembly
Refreshing native plugins compatible for Editor in 2.01 ms, found 5 plugins.
Native extension for WindowsStandalone target not found
Native extension for WebGL target not found
[Package Manager] Failed to launch server process. Reason: Unity was launched with the -noUpm command-line argument
[Package Manager] Unable to send message (not connected to server process).
[Package Manager] Cannot connect to Unity Package Manager local server
[Package Manager] Failed to launch server process. Reason: Unity was launched with the -noUpm command-line argument
[Package Manager] Unable to send message (not connected to server process).
[Package Manager] Cannot connect to Unity Package Manager local server
ScheduleIndexationOnStartup MainProcess:False IndexOnStartup:True
Mono: successfully reloaded assembly
- Finished resetting the current domain, in  0.755 seconds
Domain Reload Profiling: 1608ms
	BeginReloadAssembly (232ms)
		DisableScriptedObjects (16ms)
		CreateAndSetChildDomain (58ms)
	RebuildCommonClasses (9ms)
	RebuildNativeTypeToScriptingClass (16ms)
	initialDomainReloadingComplete (54ms)
	LoadAllAssembliesAndSetupDomain (541ms)
		LoadAssemblies (298ms)
		AnalyzeDomain (211ms)
			TypeCache.Refresh (10ms)
			BuildScriptInfoCaches (194ms)
			ResolveRequiredComponents (5ms)
	FinalizeReload (756ms)
		SetupLoadedEditorAssemblies (0ms)
			BeforeProcessingInitializeOnLoad (90ms)
			ProcessInitializeOnLoadAttributes (281ms)
			ProcessInitializeOnLoadMethodAttributes (120ms)
			AfterProcessingInitializeOnLoad (6ms)
		AwakeInstancesAfterBackupRestoration (22ms)
Refreshing native plugins compatible for Editor in 2.13 ms, found 5 plugins.
Unloading 22 Unused Serialized files (Serialized files now loaded: 0)
Unloading 7362 unused Assets / (5.9 MB). Loaded Objects now: 8435.
Memory consumption went from 420.8 MB to 414.9 MB.
Total: 9.646400 ms (FindLiveObjects: 0.783000 ms CreateObjectMapping: 0.882800 ms MarkObjects: 5.128900 ms  DeleteObjects: 2.851200 ms)

Prepare: number of updated asset objects reloaded= 0
========================================================================
Received Prepare
AcceleratorClientConnectionCallback - disconnected - :0
Refreshing native plugins compatible for Editor in 2.38 ms, found 5 plugins.
Unloading 22 Unused Serialized files (Serialized files now loaded: 0)
Unloading 7347 unused Assets / (4.7 MB). Loaded Objects now: 8435.
Memory consumption went from 422.8 MB to 418.2 MB.
Total: 19.364800 ms (FindLiveObjects: 1.381700 ms CreateObjectMapping: 1.512800 ms MarkObjects: 10.806300 ms  DeleteObjects: 5.663300 ms)

Prepare: number of updated asset objects reloaded= 0
========================================================================
Received Prepare
AcceleratorClientConnectionCallback - disconnected - :0
Begin MonoManager ReloadAssembly
Refreshing native plugins compatible for Editor in 2.43 ms, found 5 plugins.
Native extension for WindowsStandalone target not found
Native extension for WebGL target not found
[Package Manager] Failed to launch server process. Reason: Unity was launched with the -noUpm command-line argument
[Package Manager] Unable to send message (not connected to server process).
[Package Manager] Cannot connect to Unity Package Manager local server
[Package Manager] Failed to launch server process. Reason: Unity was launched with the -noUpm command-line argument
[Package Manager] Unable to send message (not connected to server process).
[Package Manager] Cannot connect to Unity Package Manager local server
ScheduleIndexationOnStartup MainProcess:False IndexOnStartup:True
Mono: successfully reloaded assembly
- Finished resetting the current domain, in  0.747 seconds
Domain Reload Profiling: 1443ms
	BeginReloadAssembly (235ms)
		DisableScriptedObjects (17ms)
		CreateAndSetChildDomain (62ms)
	RebuildCommonClasses (9ms)
	RebuildNativeTypeToScriptingClass (16ms)
	initialDomainReloadingComplete (58ms)
	LoadAllAssembliesAndSetupDomain (379ms)
		LoadAssemblies (318ms)
		AnalyzeDomain (22ms)
			TypeCache.Refresh (9ms)
			ResolveRequiredComponents (8ms)
	FinalizeReload (748ms)
		SetupLoadedEditorAssemblies (0ms)
			BeforeProcessingInitializeOnLoad (87ms)
			ProcessInitializeOnLoadAttributes (289ms)
			ProcessInitializeOnLoadMethodAttributes (127ms)
			AfterProcessingInitializeOnLoad (6ms)
		AwakeInstancesAfterBackupRestoration (23ms)
Unloading 22 Unused Serialized files (Serialized files now loaded: 0)
Unloading 7362 unused Assets / (5.9 MB). Loaded Objects now: 8438.
Memory consumption went from 425.4 MB to 419.4 MB.
Total: 10.014800 ms (FindLiveObjects: 0.952100 ms CreateObjectMapping: 0.984600 ms MarkObjects: 5.213800 ms  DeleteObjects: 2.863700 ms)

Prepare: number of updated asset objects reloaded= 0
========================================================================
Received Prepare
AcceleratorClientConnectionCallback - disconnected - :0
Refreshing native plugins compatible for Editor in 2.69 ms, found 5 plugins.
Unloading 22 Unused Serialized files (Serialized files now loaded: 0)
Unloading 7347 unused Assets / (5.8 MB). Loaded Objects now: 8438.
Memory consumption went from 427.4 MB to 421.6 MB.
Total: 22.222200 ms (FindLiveObjects: 1.151100 ms CreateObjectMapping: 5.764900 ms MarkObjects: 6.679400 ms  DeleteObjects: 8.625800 ms)

Prepare: number of updated asset objects reloaded= 0
========================================================================
Received Prepare
AcceleratorClientConnectionCallback - disconnected - :0
[Licensing::Client] Successfully resolved entitlement details
Begin MonoManager ReloadAssembly
Native extension for WindowsStandalone target not found
Native extension for WebGL target not found
[Package Manager] Failed to launch server process. Reason: Unity was launched with the -noUpm command-line argument
[Package Manager] Unable to send message (not connected to server process).
[Package Manager] Cannot connect to Unity Package Manager local server
[Package Manager] Failed to launch server process. Reason: Unity was launched with the -noUpm command-line argument
[Package Manager] Unable to send message (not connected to server process).
[Package Manager] Cannot connect to Unity Package Manager local server
ScheduleIndexationOnStartup MainProcess:False IndexOnStartup:True
Mono: successfully reloaded assembly
- Finished resetting the current domain, in  0.726 seconds
Domain Reload Profiling: 1582ms
	BeginReloadAssembly (231ms)
		DisableScriptedObjects (17ms)
		CreateAndSetChildDomain (63ms)
	RebuildCommonClasses (8ms)
	RebuildNativeTypeToScriptingClass (15ms)
	initialDomainReloadingComplete (54ms)
	LoadAllAssembliesAndSetupDomain (547ms)
		LoadAssemblies (292ms)
		AnalyzeDomain (220ms)
			TypeCache.Refresh (11ms)
			BuildScriptInfoCaches (202ms)
			ResolveRequiredComponents (5ms)
	FinalizeReload (727ms)
		SetupLoadedEditorAssemblies (0ms)
			BeforeProcessingInitializeOnLoad (84ms)
			ProcessInitializeOnLoadAttributes (282ms)
			ProcessInitializeOnLoadMethodAttributes (119ms)
			AfterProcessingInitializeOnLoad (6ms)
		AwakeInstancesAfterBackupRestoration (22ms)
Unloading 22 Unused Serialized files (Serialized files now loaded: 0)
Unloading 7362 unused Assets / (6.0 MB). Loaded Objects now: 8441.
Memory consumption went from 430.0 MB to 424.0 MB.
Total: 9.807300 ms (FindLiveObjects: 0.835500 ms CreateObjectMapping: 1.063300 ms MarkObjects: 4.927800 ms  DeleteObjects: 2.980100 ms)

Prepare: number of updated asset objects reloaded= 0
========================================================================
Received Prepare
AcceleratorClientConnectionCallback - disconnected - :0
[Licensing::Client] Successfully resolved entitlement details
Begin MonoManager ReloadAssembly
Refreshing native plugins compatible for Editor in 2.39 ms, found 5 plugins.
Native extension for WindowsStandalone target not found
Native extension for WebGL target not found
[Package Manager] Failed to launch server process. Reason: Unity was launched with the -noUpm command-line argument
[Package Manager] Unable to send message (not connected to server process).
[Package Manager] Cannot connect to Unity Package Manager local server
[Package Manager] Failed to launch server process. Reason: Unity was launched with the -noUpm command-line argument
[Package Manager] Unable to send message (not connected to server process).
[Package Manager] Cannot connect to Unity Package Manager local server
ScheduleIndexationOnStartup MainProcess:False IndexOnStartup:True
Mono: successfully reloaded assembly
- Finished resetting the current domain, in  0.737 seconds
Domain Reload Profiling: 1624ms
	BeginReloadAssembly (242ms)
		DisableScriptedObjects (22ms)
		CreateAndSetChildDomain (67ms)
	RebuildCommonClasses (11ms)
	RebuildNativeTypeToScriptingClass (17ms)
	initialDomainReloadingComplete (62ms)
	LoadAllAssembliesAndSetupDomain (554ms)
		LoadAssemblies (298ms)
		AnalyzeDomain (222ms)
			TypeCache.Refresh (11ms)
			BuildScriptInfoCaches (203ms)
			ResolveRequiredComponents (5ms)
	FinalizeReload (738ms)
		SetupLoadedEditorAssemblies (0ms)
			BeforeProcessingInitializeOnLoad (90ms)
			ProcessInitializeOnLoadAttributes (286ms)
			ProcessInitializeOnLoadMethodAttributes (119ms)
			AfterProcessingInitializeOnLoad (6ms)
		AwakeInstancesAfterBackupRestoration (24ms)
Refreshing native plugins compatible for Editor in 3.01 ms, found 5 plugins.
Unloading 22 Unused Serialized files (Serialized files now loaded: 0)
Unloading 7362 unused Assets / (6.2 MB). Loaded Objects now: 8444.
Memory consumption went from 433.3 MB to 427.0 MB.
Total: 10.239900 ms (FindLiveObjects: 0.861900 ms CreateObjectMapping: 1.040700 ms MarkObjects: 5.268800 ms  DeleteObjects: 3.067900 ms)

Prepare: number of updated asset objects reloaded= 0
========================================================================
Received Prepare
AcceleratorClientConnectionCallback - disconnected - :0
[Licensing::Client] Successfully resolved entitlement details
Begin MonoManager ReloadAssembly
Refreshing native plugins compatible for Editor in 2.25 ms, found 5 plugins.
Native extension for WindowsStandalone target not found
Native extension for WebGL target not found
[Package Manager] Failed to launch server process. Reason: Unity was launched with the -noUpm command-line argument
[Package Manager] Unable to send message (not connected to server process).
[Package Manager] Cannot connect to Unity Package Manager local server
[Package Manager] Failed to launch server process. Reason: Unity was launched with the -noUpm command-line argument
[Package Manager] Unable to send message (not connected to server process).
[Package Manager] Cannot connect to Unity Package Manager local server
ScheduleIndexationOnStartup MainProcess:False IndexOnStartup:True
Mono: successfully reloaded assembly
- Finished resetting the current domain, in  0.760 seconds
Domain Reload Profiling: 1647ms
	BeginReloadAssembly (226ms)
		DisableScriptedObjects (18ms)
		CreateAndSetChildDomain (55ms)
	RebuildCommonClasses (8ms)
	RebuildNativeTypeToScriptingClass (15ms)
	initialDomainReloadingComplete (58ms)
	LoadAllAssembliesAndSetupDomain (579ms)
		LoadAssemblies (307ms)
		AnalyzeDomain (236ms)
			TypeCache.Refresh (12ms)
			BuildScriptInfoCaches (217ms)
			ResolveRequiredComponents (5ms)
	FinalizeReload (761ms)
		SetupLoadedEditorAssemblies (0ms)
			BeforeProcessingInitializeOnLoad (89ms)
			ProcessInitializeOnLoadAttributes (297ms)
			ProcessInitializeOnLoadMethodAttributes (132ms)
			AfterProcessingInitializeOnLoad (7ms)
		AwakeInstancesAfterBackupRestoration (23ms)
Refreshing native plugins compatible for Editor in 2.07 ms, found 5 plugins.
Unloading 22 Unused Serialized files (Serialized files now loaded: 0)
Unloading 7362 unused Assets / (5.7 MB). Loaded Objects now: 8447.
Memory consumption went from 436.2 MB to 430.5 MB.
Total: 10.106600 ms (FindLiveObjects: 0.837700 ms CreateObjectMapping: 1.134700 ms MarkObjects: 5.029200 ms  DeleteObjects: 3.104100 ms)

Prepare: number of updated asset objects reloaded= 0
========================================================================
Received Prepare
AcceleratorClientConnectionCallback - disconnected - :0
[Licensing::Client] Successfully resolved entitlement details
Begin MonoManager ReloadAssembly
Refreshing native plugins compatible for Editor in 2.15 ms, found 5 plugins.
Native extension for WindowsStandalone target not found
Native extension for WebGL target not found
[Package Manager] Failed to launch server process. Reason: Unity was launched with the -noUpm command-line argument
[Package Manager] Unable to send message (not connected to server process).
[Package Manager] Cannot connect to Unity Package Manager local server
[Package Manager] Failed to launch server process. Reason: Unity was launched with the -noUpm command-line argument
[Package Manager] Unable to send message (not connected to server process).
[Package Manager] Cannot connect to Unity Package Manager local server
ScheduleIndexationOnStartup MainProcess:False IndexOnStartup:True
Mono: successfully reloaded assembly
- Finished resetting the current domain, in  0.821 seconds
Domain Reload Profiling: 1699ms
	BeginReloadAssembly (238ms)
		DisableScriptedObjects (22ms)
		CreateAndSetChildDomain (56ms)
	RebuildCommonClasses (8ms)
	RebuildNativeTypeToScriptingClass (18ms)
	initialDomainReloadingComplete (57ms)
	LoadAllAssembliesAndSetupDomain (555ms)
		LoadAssemblies (305ms)
		AnalyzeDomain (218ms)
			TypeCache.Refresh (13ms)
			BuildScriptInfoCaches (196ms)
			ResolveRequiredComponents (7ms)
	FinalizeReload (822ms)
		SetupLoadedEditorAssemblies (0ms)
			BeforeProcessingInitializeOnLoad (100ms)
			ProcessInitializeOnLoadAttributes (296ms)
			ProcessInitializeOnLoadMethodAttributes (127ms)
			AfterProcessingInitializeOnLoad (6ms)
		AwakeInstancesAfterBackupRestoration (23ms)
Unloading 22 Unused Serialized files (Serialized files now loaded: 0)
Unloading 7362 unused Assets / (5.5 MB). Loaded Objects now: 8450.
Memory consumption went from 439.3 MB to 433.8 MB.
Total: 10.320100 ms (FindLiveObjects: 0.865400 ms CreateObjectMapping: 1.061600 ms MarkObjects: 5.680900 ms  DeleteObjects: 2.711400 ms)

Prepare: number of updated asset objects reloaded= 0
========================================================================
Received Prepare
AcceleratorClientConnectionCallback - disconnected - :0
[Licensing::Client] Successfully resolved entitlement details
Begin MonoManager ReloadAssembly
Refreshing native plugins compatible for Editor in 2.02 ms, found 5 plugins.
Native extension for WindowsStandalone target not found
Native extension for WebGL target not found
[Package Manager] Failed to launch server process. Reason: Unity was launched with the -noUpm command-line argument
[Package Manager] Unable to send message (not connected to server process).
[Package Manager] Cannot connect to Unity Package Manager local server
[Package Manager] Failed to launch server process. Reason: Unity was launched with the -noUpm command-line argument
[Package Manager] Unable to send message (not connected to server process).
[Package Manager] Cannot connect to Unity Package Manager local server
ScheduleIndexationOnStartup MainProcess:False IndexOnStartup:True
Mono: successfully reloaded assembly
- Finished resetting the current domain, in  0.806 seconds
Domain Reload Profiling: 1700ms
	BeginReloadAssembly (248ms)
		DisableScriptedObjects (18ms)
		CreateAndSetChildDomain (61ms)
	RebuildCommonClasses (13ms)
	RebuildNativeTypeToScriptingClass (20ms)
	initialDomainReloadingComplete (58ms)
	LoadAllAssembliesAndSetupDomain (554ms)
		LoadAssemblies (310ms)
		AnalyzeDomain (220ms)
			TypeCache.Refresh (11ms)
			BuildScriptInfoCaches (201ms)
			ResolveRequiredComponents (5ms)
	FinalizeReload (807ms)
		SetupLoadedEditorAssemblies (0ms)
			BeforeProcessingInitializeOnLoad (105ms)
			ProcessInitializeOnLoadAttributes (299ms)
			ProcessInitializeOnLoadMethodAttributes (124ms)
			AfterProcessingInitializeOnLoad (6ms)
		AwakeInstancesAfterBackupRestoration (22ms)
Refreshing native plugins compatible for Editor in 2.20 ms, found 5 plugins.
Unloading 22 Unused Serialized files (Serialized files now loaded: 0)
Unloading 7362 unused Assets / (5.7 MB). Loaded Objects now: 8453.
Memory consumption went from 442.3 MB to 436.6 MB.
Total: 9.081600 ms (FindLiveObjects: 0.783300 ms CreateObjectMapping: 0.898900 ms MarkObjects: 4.858700 ms  DeleteObjects: 2.540200 ms)

Prepare: number of updated asset objects reloaded= 0
========================================================================
Received Prepare
AcceleratorClientConnectionCallback - disconnected - :0
Refreshing native plugins compatible for Editor in 2.10 ms, found 5 plugins.
Unloading 22 Unused Serialized files (Serialized files now loaded: 0)
Unloading 7348 unused Assets / (6.4 MB). Loaded Objects now: 8454.
Memory consumption went from 444.3 MB to 437.9 MB.
Total: 14.577000 ms (FindLiveObjects: 1.156100 ms CreateObjectMapping: 1.252000 ms MarkObjects: 6.126100 ms  DeleteObjects: 6.042000 ms)

Prepare: number of updated asset objects reloaded= 0
========================================================================
Received Import Request.
  Time of request: 2026-08-30T20:01:11.7704417Z
  Time since last request: 1011913.00271989998873 seconds.
  importAddress: GUID: d21042a39422ce544a9f495d2c2831b9 - Path: Assets/Path.cs - Importer: ScriptedImporter/UnityEditor.QuickSearchModule:UnityEditor.Search:ASIAI0B
Importing 'GUID: d21042a39422ce544a9f495d2c2831b9 - Path: Assets/Path.cs - Importer: ScriptedImporter/UnityEditor.QuickSearchModule:UnityEditor.Search:ASIAI0B' with importer (ScriptedImporter : UnityEditor.QuickSearchModule:UnityEditor.Search:ASIAI0B)
Imported 'GUID: d21042a39422ce544a9f495d2c2831b9' -> (Import Result ID: 'b2c9a4df7680bc8a9e324441efa62a99') in 0.264 seconds [static and dynamic dependencies]. Details - ImportResultOutputID=7f16107a76955f684034e5b1e154443b DependenciesID=1718224eaa3e2707b0a8094a54e45f19 StaticDependenciesID=328e3404c20df152c82e971d868ce786 
Number of updated asset objects reloaded before import = 0
Number of asset objects unloaded after import = 0
========================================================================
Received Prepare
AcceleratorClientConnectionCallback - disconnected - :0
[Licensing::Client] Successfully resolved entitlement details
Begin MonoManager ReloadAssembly
Refreshing native plugins compatible for Editor in 2.23 ms, found 5 plugins.
Native extension for WindowsStandalone target not found
Native extension for WebGL target not found
[Package Manager] Failed to launch server process. Reason: Unity was launched with the -noUpm command-line argument
[Package Manager] Unable to send message (not connected to server process).
[Package Manager] Cannot connect to Unity Package Manager local server
[Package Manager] Failed to launch server process. Reason: Unity was launched with the -noUpm command-line argument
[Package Manager] Unable to send message (not connected to server process).
[Package Manager] Cannot connect to Unity Package Manager local server
ScheduleIndexationOnStartup MainProcess:False IndexOnStartup:True
Mono: successfully reloaded assembly
- Finished resetting the current domain, in  0.792 seconds
Domain Reload Profiling: 1720ms
	BeginReloadAssembly (257ms)
		DisableScriptedObjects (18ms)
		CreateAndSetChildDomain (61ms)
	RebuildCommonClasses (9ms)
	RebuildNativeTypeToScriptingClass (15ms)
	initialDomainReloadingComplete (64ms)
	LoadAllAssembliesAndSetupDomain (582ms)
		LoadAssemblies (323ms)
		AnalyzeDomain (227ms)
			TypeCache.Refresh (12ms)
			BuildScriptInfoCaches (207ms)
			ResolveRequiredComponents (5ms)
	FinalizeReload (793ms)
		SetupLoadedEditorAssemblies (0ms)
			BeforeProcessingInitializeOnLoad (92ms)
			ProcessInitializeOnLoadAttributes (303ms)
			ProcessInitializeOnLoadMethodAttributes (130ms)
			AfterProcessingInitializeOnLoad (6ms)
		AwakeInstancesAfterBackupRestoration (24ms)
Refreshing native plugins compatible for Editor in 2.11 ms, found 5 plugins.
Unloading 22 Unused Serialized files (Serialized files now loaded: 0)
Unloading 7363 unused Assets / (5.8 MB). Loaded Objects now: 8459.
Memory consumption went from 449.1 MB to 443.2 MB.
Total: 11.382000 ms (FindLiveObjects: 0.930800 ms CreateObjectMapping: 0.982600 ms MarkObjects: 5.669000 ms  DeleteObjects: 3.798800 ms)

Prepare: number of updated asset objects reloaded= 0
========================================================================
Received Import Request.
  Time of request: 2026-08-30T20:01:21.5068634Z
  Time since last request: 9.4593472 seconds.
  importAddress: GUID: 9e3c050b23a0c8e47a942bf7832f744f - Path: Assets/NewMonoBehaviourScript.cs - Importer: PreviewImporter
Importing 'GUID: 9e3c050b23a0c8e47a942bf7832f744f - Path: Assets/NewMonoBehaviourScript.cs - Importer: PreviewImporter' with importer (PreviewImporter)
Imported 'GUID: 9e3c050b23a0c8e47a942bf7832f744f' -> (Import Result ID: 'c04e9bb5f362d414388a9a81a274075f') in 0.068 seconds [static and dynamic dependencies]. Details - ImportResultOutputID=cdf7352db5fc8c99073e1a87554c07ce DependenciesID=ebd35515b885710ad0f4dad35d235304 StaticDependenciesID=751d28c9bc3ee137b2bd663931f1ecf0 
Number of updated asset objects reloaded before import = 0
Number of asset objects unloaded after import = 0
========================================================================
Received Prepare
AcceleratorClientConnectionCallback - disconnected - :0
Refreshing native plugins compatible for Editor in 2.44 ms, found 5 plugins.
Unloading 22 Unused Serialized files (Serialized files now loaded: 0)
Unloading 7347 unused Assets / (5.3 MB). Loaded Objects now: 8458.
Memory consumption went from 384.2 MB to 379.0 MB.
Total: 8.784700 ms (FindLiveObjects: 0.859000 ms CreateObjectMapping: 0.700500 ms MarkObjects: 4.932500 ms  DeleteObjects: 2.292200 ms)

Prepare: number of updated asset objects reloaded= 0
========================================================================
Received Prepare
AcceleratorClientConnectionCallback - disconnected - :0
Begin MonoManager ReloadAssembly
Refreshing native plugins compatible for Editor in 2.15 ms, found 5 plugins.
Native extension for WindowsStandalone target not found
Native extension for WebGL target not found
[Package Manager] Failed to launch server process. Reason: Unity was launched with the -noUpm command-line argument
[Package Manager] Unable to send message (not connected to server process).
[Package Manager] Cannot connect to Unity Package Manager local server
[Package Manager] Failed to launch server process. Reason: Unity was launched with the -noUpm command-line argument
[Package Manager] Unable to send message (not connected to server process).
[Package Manager] Cannot connect to Unity Package Manager local server
ScheduleIndexationOnStartup MainProcess:False IndexOnStartup:True
Mono: successfully reloaded assembly
- Finished resetting the current domain, in  0.760 seconds
Domain Reload Profiling: 1633ms
	BeginReloadAssembly (245ms)
		DisableScriptedObjects (17ms)
		CreateAndSetChildDomain (63ms)
	RebuildCommonClasses (10ms)
	RebuildNativeTypeToScriptingClass (17ms)
	initialDomainReloadingComplete (66ms)
	LoadAllAssembliesAndSetupDomain (534ms)
		LoadAssemblies (299ms)
		AnalyzeDomain (210ms)
			TypeCache.Refresh (10ms)
			BuildScriptInfoCaches (193ms)
			ResolveRequiredComponents (5ms)
	FinalizeReload (761ms)
		SetupLoadedEditorAssemblies (0ms)
			BeforeProcessingInitializeOnLoad (89ms)
			ProcessInitializeOnLoadAttributes (295ms)
			ProcessInitializeOnLoadMethodAttributes (126ms)
			AfterProcessingInitializeOnLoad (6ms)
		AwakeInstancesAfterBackupRestoration (22ms)
Refreshing native plugins compatible for Editor in 2.18 ms, found 5 plugins.
Unloading 22 Unused Serialized files (Serialized files now loaded: 0)
Unloading 7362 unused Assets / (5.5 MB). Loaded Objects now: 8461.
Memory consumption went from 386.4 MB to 380.9 MB.
Total: 8.685400 ms (FindLiveObjects: 0.811600 ms CreateObjectMapping: 0.673900 ms MarkObjects: 4.855100 ms  DeleteObjects: 2.344200 ms)

Prepare: number of updated asset objects reloaded= 0
========================================================================
Received Prepare
AcceleratorClientConnectionCallback - disconnected - :0
Refreshing native plugins compatible for Editor in 2.34 ms, found 5 plugins.
Unloading 22 Unused Serialized files (Serialized files now loaded: 0)
Unloading 7348 unused Assets / (5.1 MB). Loaded Objects now: 8462.
Memory consumption went from 388.4 MB to 383.3 MB.
Total: 8.725200 ms (FindLiveObjects: 1.015000 ms CreateObjectMapping: 0.631400 ms MarkObjects: 4.875200 ms  DeleteObjects: 2.202600 ms)

Prepare: number of updated asset objects reloaded= 0
========================================================================
Received Prepare
AcceleratorClientConnectionCallback - disconnected - :0
Begin MonoManager ReloadAssembly
Refreshing native plugins compatible for Editor in 2.33 ms, found 5 plugins.
Native extension for WindowsStandalone target not found
Native extension for WebGL target not found
[Package Manager] Failed to launch server process. Reason: Unity was launched with the -noUpm command-line argument
[Package Manager] Unable to send message (not connected to server process).
[Package Manager] Cannot connect to Unity Package Manager local server
[Package Manager] Failed to launch server process. Reason: Unity was launched with the -noUpm command-line argument
[Package Manager] Unable to send message (not connected to server process).
[Package Manager] Cannot connect to Unity Package Manager local server
ScheduleIndexationOnStartup MainProcess:False IndexOnStartup:True
Mono: successfully reloaded assembly
- Finished resetting the current domain, in  1.004 seconds
Domain Reload Profiling: 1995ms
	BeginReloadAssembly (263ms)
		DisableScriptedObjects (22ms)
		CreateAndSetChildDomain (71ms)
	RebuildCommonClasses (9ms)
	RebuildNativeTypeToScriptingClass (17ms)
	initialDomainReloadingComplete (74ms)
	LoadAllAssembliesAndSetupDomain (627ms)
		LoadAssemblies (329ms)
		AnalyzeDomain (248ms)
			TypeCache.Refresh (13ms)
			BuildScriptInfoCaches (226ms)
			ResolveRequiredComponents (7ms)
	FinalizeReload (1005ms)
		SetupLoadedEditorAssemblies (0ms)
			BeforeProcessingInitializeOnLoad (103ms)
			ProcessInitializeOnLoadAttributes (456ms)
			ProcessInitializeOnLoadMethodAttributes (153ms)
			AfterProcessingInitializeOnLoad (9ms)
		AwakeInstancesAfterBackupRestoration (29ms)
Refreshing native plugins compatible for Editor in 3.15 ms, found 5 plugins.
Unloading 22 Unused Serialized files (Serialized files now loaded: 0)
Unloading 7363 unused Assets / (5.5 MB). Loaded Objects now: 8465.
Memory consumption went from 391.0 MB to 385.4 MB.
Total: 12.049900 ms (FindLiveObjects: 1.004800 ms CreateObjectMapping: 0.795700 ms MarkObjects: 7.081300 ms  DeleteObjects: 3.167100 ms)

Prepare: number of updated asset objects reloaded= 0
========================================================================
Received Import Request.
  Time of request: 2026-08-30T20:01:43.9493816Z
  Time since last request: 22.3640813 seconds.
  importAddress: GUID: e0ecba263985b0f4eb18aa8b529aa4cc - Path: Assets/Bezier.cs - Importer: PreviewImporter
Importing 'GUID: e0ecba263985b0f4eb18aa8b529aa4cc - Path: Assets/Bezier.cs - Importer: PreviewImporter' with importer (PreviewImporter)
Imported 'GUID: e0ecba263985b0f4eb18aa8b529aa4cc' -> (Import Result ID: 'e8376bc5a0b8ed70e47c5ed1c475600a') in 0.004 seconds [static and dynamic dependencies]. Details - ImportResultOutputID=38a368f1f08fe850a10f4ed52e9e1bb4 DependenciesID=50c678185b2e05fa47fbb4edb82e8f5f StaticDependenciesID=20ccf19b5e98b7ffe830f268f5601902 
Number of updated asset objects reloaded before import = 0
Number of asset objects unloaded after import = 0
========================================================================
Received Prepare
AcceleratorClientConnectionCallback - disconnected - :0
[Licensing::Client] Successfully resolved entitlement details
Begin MonoManager ReloadAssembly
Native extension for WindowsStandalone target not found
Native extension for WebGL target not found
[Package Manager] Failed to launch server process. Reason: Unity was launched with the -noUpm command-line argument
[Package Manager] Unable to send message (not connected to server process).
[Package Manager] Cannot connect to Unity Package Manager local server
[Package Manager] Failed to launch server process. Reason: Unity was launched with the -noUpm command-line argument
[Package Manager] Unable to send message (not connected to server process).
[Package Manager] Cannot connect to Unity Package Manager local server
ScheduleIndexationOnStartup MainProcess:False IndexOnStartup:True
Mono: successfully reloaded assembly
- Finished resetting the current domain, in  0.801 seconds
Domain Reload Profiling: 1738ms
	BeginReloadAssembly (256ms)
		DisableScriptedObjects (23ms)
		CreateAndSetChildDomain (59ms)
	RebuildCommonClasses (10ms)
	RebuildNativeTypeToScriptingClass (16ms)
	initialDomainReloadingComplete (58ms)
	LoadAllAssembliesAndSetupDomain (596ms)
		LoadAssemblies (309ms)
		AnalyzeDomain (242ms)
			TypeCache.Refresh (15ms)
			BuildScriptInfoCaches (221ms)
			ResolveRequiredComponents (5ms)
	FinalizeReload (802ms)
		SetupLoadedEditorAssemblies (0ms)
			BeforeProcessingInitializeOnLoad (99ms)
			ProcessInitializeOnLoadAttributes (305ms)
			ProcessInitializeOnLoadMethodAttributes (128ms)
			AfterProcessingInitializeOnLoad (6ms)
		AwakeInstancesAfterBackupRestoration (23ms)
Refreshing native plugins compatible for Editor in 2.10 ms, found 5 plugins.
Unloading 22 Unused Serialized files (Serialized files now loaded: 0)
Unloading 7363 unused Assets / (6.9 MB). Loaded Objects now: 8468.
Memory consumption went from 391.7 MB to 384.9 MB.
Total: 10.347000 ms (FindLiveObjects: 0.892100 ms CreateObjectMapping: 0.884400 ms MarkObjects: 5.018600 ms  DeleteObjects: 3.551300 ms)

Prepare: number of updated asset objects reloaded= 0
========================================================================
Received Import Request.
  Time of request: 2026-08-30T20:15:11.9330637Z
  Time since last request: 807.96610169999997 seconds.
  importAddress: GUID: d21042a39422ce544a9f495d2c2831b9 - Path: Assets/Path.cs - Importer: ScriptedImporter/UnityEditor.QuickSearchModule:UnityEditor.Search:ASIAI0B
Importing 'GUID: d21042a39422ce544a9f495d2c2831b9 - Path: Assets/Path.cs - Importer: ScriptedImporter/UnityEditor.QuickSearchModule:UnityEditor.Search:ASIAI0B' with importer (ScriptedImporter : UnityEditor.QuickSearchModule:UnityEditor.Search:ASIAI0B)
Imported 'GUID: d21042a39422ce544a9f495d2c2831b9' -> (Import Result ID: '5d6f8726ad1be99b1e724b6ca4914023') in 0.073 seconds [static and dynamic dependencies]. Details - ImportResultOutputID=b61f6c15d65ffa45af62e0fdca9e3f9b DependenciesID=690987582d7f9c8680b73a8c1f9e8e20 StaticDependenciesID=1f8581c220d95c28c9679b3ede167496 
Number of updated asset objects reloaded before import = 0
Number of asset objects unloaded after import = 0
========================================================================
Received Prepare
AcceleratorClientConnectionCallback - disconnected - :0
Refreshing native plugins compatible for Editor in 2.78 ms, found 5 plugins.
Unloading 22 Unused Serialized files (Serialized files now loaded: 0)
Unloading 23 unused Assets / (2.6 MB). Loaded Objects now: 8468.
Memory consumption went from 382.4 MB to 379.8 MB.
Total: 9.987900 ms (FindLiveObjects: 0.490400 ms CreateObjectMapping: 0.310900 ms MarkObjects: 8.572000 ms  DeleteObjects: 0.613900 ms)

Prepare: number of updated asset objects reloaded= 0
========================================================================
Received Prepare
AcceleratorClientConnectionCallback - disconnected - :0
Refreshing native plugins compatible for Editor in 2.09 ms, found 5 plugins.
Unloading 22 Unused Serialized files (Serialized files now loaded: 0)
Unloading 7349 unused Assets / (5.6 MB). Loaded Objects now: 8469.
Memory consumption went from 389.6 MB to 384.0 MB.
Total: 10.865700 ms (FindLiveObjects: 1.318200 ms CreateObjectMapping: 0.917600 ms MarkObjects: 5.931400 ms  DeleteObjects: 2.697900 ms)

Prepare: number of updated asset objects reloaded= 0
========================================================================
Received Prepare
AcceleratorClientConnectionCallback - disconnected - :0
Begin MonoManager ReloadAssembly
Refreshing native plugins compatible for Editor in 2.71 ms, found 5 plugins.
Native extension for WindowsStandalone target not found
Native extension for WebGL target not found
[Package Manager] Failed to launch server process. Reason: Unity was launched with the -noUpm command-line argument
[Package Manager] Unable to send message (not connected to server process).
[Package Manager] Cannot connect to Unity Package Manager local server
[Package Manager] Failed to launch server process. Reason: Unity was launched with the -noUpm command-line argument
[Package Manager] Unable to send message (not connected to server process).
[Package Manager] Cannot connect to Unity Package Manager local server
ScheduleIndexationOnStartup MainProcess:False IndexOnStartup:True
Mono: successfully reloaded assembly
- Finished resetting the current domain, in  0.842 seconds
Domain Reload Profiling: 1803ms
	BeginReloadAssembly (269ms)
		DisableScriptedObjects (23ms)
		CreateAndSetChildDomain (79ms)
	RebuildCommonClasses (10ms)
	RebuildNativeTypeToScriptingClass (20ms)
	initialDomainReloadingComplete (73ms)
	LoadAllAssembliesAndSetupDomain (588ms)
		LoadAssemblies (313ms)
		AnalyzeDomain (227ms)
			TypeCache.Refresh (10ms)
			BuildScriptInfoCaches (209ms)
			ResolveRequiredComponents (5ms)
	FinalizeReload (843ms)
		SetupLoadedEditorAssemblies (0ms)
			InitializePlatformSupportModulesInManaged (3ms)
			BeforeProcessingInitializeOnLoad (104ms)
			ProcessInitializeOnLoadAttributes (324ms)
			ProcessInitializeOnLoadMethodAttributes (135ms)
			AfterProcessingInitializeOnLoad (8ms)
		AwakeInstancesAfterBackupRestoration (33ms)
Refreshing native plugins compatible for Editor in 2.18 ms, found 5 plugins.
Unloading 22 Unused Serialized files (Serialized files now loaded: 0)
Unloading 7364 unused Assets / (5.1 MB). Loaded Objects now: 8472.
Memory consumption went from 392.2 MB to 387.2 MB.
Total: 11.678200 ms (FindLiveObjects: 0.830700 ms CreateObjectMapping: 0.658500 ms MarkObjects: 6.300100 ms  DeleteObjects: 3.888200 ms)

Prepare: number of updated asset objects reloaded= 0
========================================================================
Received Prepare
AcceleratorClientConnectionCallback - disconnected - :0
[Licensing::Client] Successfully resolved entitlement details
Begin MonoManager ReloadAssembly
Refreshing native plugins compatible for Editor in 2.42 ms, found 5 plugins.
Native extension for WindowsStandalone target not found
Native extension for WebGL target not found
[Package Manager] Failed to launch server process. Reason: Unity was launched with the -noUpm command-line argument
[Package Manager] Unable to send message (not connected to server process).
[Package Manager] Cannot connect to Unity Package Manager local server
[Package Manager] Failed to launch server process. Reason: Unity was launched with the -noUpm command-line argument
[Package Manager] Unable to send message (not connected to server process).
[Package Manager] Cannot connect to Unity Package Manager local server
ScheduleIndexationOnStartup MainProcess:False IndexOnStartup:True
Mono: successfully reloaded assembly
- Finished resetting the current domain, in  0.906 seconds
Domain Reload Profiling: 1893ms
	BeginReloadAssembly (264ms)
		DisableScriptedObjects (24ms)
		CreateAndSetChildDomain (71ms)
	RebuildCommonClasses (9ms)
	RebuildNativeTypeToScriptingClass (16ms)
	initialDomainReloadingComplete (64ms)
	LoadAllAssembliesAndSetupDomain (632ms)
		LoadAssemblies (328ms)
		AnalyzeDomain (264ms)
			TypeCache.Refresh (16ms)
			BuildScriptInfoCaches (240ms)
			ResolveRequiredComponents (5ms)
	FinalizeReload (907ms)
		SetupLoadedEditorAssemblies (0ms)
			InitializePlatformSupportModulesInManaged (3ms)
			BeforeProcessingInitializeOnLoad (101ms)
			ProcessInitializeOnLoadAttributes (337ms)
			ProcessInitializeOnLoadMethodAttributes (150ms)
			AfterProcessingInitializeOnLoad (15ms)
		AwakeInstancesAfterBackupRestoration (41ms)
Refreshing native plugins compatible for Editor in 2.35 ms, found 5 plugins.
Unloading 22 Unused Serialized files (Serialized files now loaded: 0)
Unloading 7364 unused Assets / (5.4 MB). Loaded Objects now: 8475.
Memory consumption went from 394.4 MB to 389.1 MB.
Total: 15.626800 ms (FindLiveObjects: 1.089900 ms CreateObjectMapping: 1.322500 ms MarkObjects: 8.974600 ms  DeleteObjects: 4.239200 ms)

Prepare: number of updated asset objects reloaded= 0
========================================================================
Received Prepare
AcceleratorClientConnectionCallback - disconnected - :0
Refreshing native plugins compatible for Editor in 2.13 ms, found 5 plugins.
Unloading 22 Unused Serialized files (Serialized files now loaded: 0)
Unloading 7350 unused Assets / (5.3 MB). Loaded Objects now: 8476.
Memory consumption went from 396.4 MB to 391.1 MB.
Total: 11.791300 ms (FindLiveObjects: 0.944000 ms CreateObjectMapping: 1.079000 ms MarkObjects: 5.548200 ms  DeleteObjects: 4.219100 ms)

Prepare: number of updated asset objects reloaded= 0
========================================================================
Received Prepare
AcceleratorClientConnectionCallback - disconnected - :0
[Licensing::Client] Successfully resolved entitlement details
Begin MonoManager ReloadAssembly
Refreshing native plugins compatible for Editor in 2.74 ms, found 5 plugins.
Native extension for WindowsStandalone target not found
Native extension for WebGL target not found
[Package Manager] Failed to launch server process. Reason: Unity was launched with the -noUpm command-line argument
[Package Manager] Unable to send message (not connected to server process).
[Package Manager] Cannot connect to Unity Package Manager local server
[Package Manager] Failed to launch server process. Reason: Unity was launched with the -noUpm command-line argument
[Package Manager] Unable to send message (not connected to server process).
[Package Manager] Cannot connect to Unity Package Manager local server
ScheduleIndexationOnStartup MainProcess:False IndexOnStartup:True
Mono: successfully reloaded assembly
- Finished resetting the current domain, in  0.755 seconds
Domain Reload Profiling: 1662ms
	BeginReloadAssembly (248ms)
		DisableScriptedObjects (21ms)
		CreateAndSetChildDomain (63ms)
	RebuildCommonClasses (8ms)
	RebuildNativeTypeToScriptingClass (15ms)
	initialDomainReloadingComplete (60ms)
	LoadAllAssembliesAndSetupDomain (574ms)
		LoadAssemblies (313ms)
		AnalyzeDomain (228ms)
			TypeCache.Refresh (13ms)
			BuildScriptInfoCaches (208ms)
			ResolveRequiredComponents (5ms)
	FinalizeReload (756ms)
		SetupLoadedEditorAssemblies (0ms)
			BeforeProcessingInitializeOnLoad (90ms)
			ProcessInitializeOnLoadAttributes (287ms)
			ProcessInitializeOnLoadMethodAttributes (131ms)
			AfterProcessingInitializeOnLoad (6ms)
		AwakeInstancesAfterBackupRestoration (22ms)
Refreshing native plugins compatible for Editor in 2.27 ms, found 5 plugins.
Unloading 22 Unused Serialized files (Serialized files now loaded: 0)
Unloading 7365 unused Assets / (5.9 MB). Loaded Objects now: 8479.
Memory consumption went from 399.3 MB to 393.4 MB.
Total: 9.554000 ms (FindLiveObjects: 0.790400 ms CreateObjectMapping: 0.981000 ms MarkObjects: 5.061900 ms  DeleteObjects: 2.719900 ms)

Prepare: number of updated asset objects reloaded= 0
========================================================================
Received Import Request.
  Time of request: 2026-08-30T20:21:33.9735738Z
  Time since last request: 381.95776160000003 seconds.
  importAddress: GUID: d2a208ea9dfae4644983692d2b361e75 - Path: Assets/Examples/RoadCreator.cs - Importer: PreviewImporter
Importing 'GUID: d2a208ea9dfae4644983692d2b361e75 - Path: Assets/Examples/RoadCreator.cs - Importer: PreviewImporter' with importer (PreviewImporter)
Imported 'GUID: d2a208ea9dfae4644983692d2b361e75' -> (Import Result ID: '79ae0a6182bbd728070bd55e2d1cbebc') in 0.003 seconds [static and dynamic dependencies]. Details - ImportResultOutputID=cdca4b4e752045d03ed18de055dc03e3 DependenciesID=eec3583d73b96699792efc517ae44a70 StaticDependenciesID=320a3f7dbb1219131d5044a7190c3c03 
Number of updated asset objects reloaded before import = 0
Number of asset objects unloaded after import = 0
========================================================================
Received Prepare
AcceleratorClientConnectionCallback - disconnected - :0
Refreshing native plugins compatible for Editor in 2.34 ms, found 5 plugins.
Unloading 22 Unused Serialized files (Serialized files now loaded: 0)
Unloading 7350 unused Assets / (6.5 MB). Loaded Objects now: 8479.
Memory consumption went from 399.4 MB to 392.9 MB.
Total: 17.358000 ms (FindLiveObjects: 2.032400 ms CreateObjectMapping: 1.873600 ms MarkObjects: 9.393400 ms  DeleteObjects: 4.057000 ms)

Prepare: number of updated asset objects reloaded= 0
========================================================================
Received Prepare
AcceleratorClientConnectionCallback - disconnected - :0
[Licensing::Client] Successfully resolved entitlement details
Begin MonoManager ReloadAssembly
Refreshing native plugins compatible for Editor in 2.08 ms, found 5 plugins.
Native extension for WindowsStandalone target not found
Native extension for WebGL target not found
[Package Manager] Failed to launch server process. Reason: Unity was launched with the -noUpm command-line argument
[Package Manager] Unable to send message (not connected to server process).
[Package Manager] Cannot connect to Unity Package Manager local server
[Package Manager] Failed to launch server process. Reason: Unity was launched with the -noUpm command-line argument
[Package Manager] Unable to send message (not connected to server process).
[Package Manager] Cannot connect to Unity Package Manager local server
ScheduleIndexationOnStartup MainProcess:False IndexOnStartup:True
Mono: successfully reloaded assembly
- Finished resetting the current domain, in  0.911 seconds
Domain Reload Profiling: 3164ms
	BeginReloadAssembly (418ms)
		DisableScriptedObjects (26ms)
		CreateAndSetChildDomain (77ms)
	RebuildCommonClasses (13ms)
	RebuildNativeTypeToScriptingClass (85ms)
	initialDomainReloadingComplete (74ms)
	LoadAllAssembliesAndSetupDomain (1662ms)
		LoadAssemblies (1477ms)
		AnalyzeDomain (288ms)
			TypeCache.Refresh (15ms)
			BuildScriptInfoCaches (265ms)
			ResolveRequiredComponents (5ms)
	FinalizeReload (912ms)
		SetupLoadedEditorAssemblies (0ms)
			BeforeProcessingInitializeOnLoad (98ms)
			ProcessInitializeOnLoadAttributes (378ms)
			ProcessInitializeOnLoadMethodAttributes (150ms)
			AfterProcessingInitializeOnLoad (7ms)
		AwakeInstancesAfterBackupRestoration (25ms)
Refreshing native plugins compatible for Editor in 2.17 ms, found 5 plugins.
Unloading 22 Unused Serialized files (Serialized files now loaded: 0)
Unloading 7365 unused Assets / (5.7 MB). Loaded Objects now: 8482.
Memory consumption went from 402.1 MB to 396.4 MB.
Total: 9.344500 ms (FindLiveObjects: 0.885600 ms CreateObjectMapping: 0.888800 ms MarkObjects: 4.888000 ms  DeleteObjects: 2.681200 ms)

Prepare: number of updated asset objects reloaded= 0
========================================================================
Received Prepare
AcceleratorClientConnectionCallback - disconnected - :0
Refreshing native plugins compatible for Editor in 2.03 ms, found 5 plugins.
Unloading 22 Unused Serialized files (Serialized files now loaded: 0)
Unloading 7351 unused Assets / (6.0 MB). Loaded Objects now: 8483.
Memory consumption went from 404.1 MB to 398.1 MB.
Total: 10.793100 ms (FindLiveObjects: 0.818000 ms CreateObjectMapping: 1.154000 ms MarkObjects: 5.269800 ms  DeleteObjects: 3.550500 ms)

Prepare: number of updated asset objects reloaded= 0
========================================================================
Received Prepare
AcceleratorClientConnectionCallback - disconnected - :0
Begin MonoManager ReloadAssembly
Native extension for WindowsStandalone target not found
Native extension for WebGL target not found
[Package Manager] Failed to launch server process. Reason: Unity was launched with the -noUpm command-line argument
[Package Manager] Unable to send message (not connected to server process).
[Package Manager] Cannot connect to Unity Package Manager local server
[Package Manager] Failed to launch server process. Reason: Unity was launched with the -noUpm command-line argument
[Package Manager] Unable to send message (not connected to server process).
[Package Manager] Cannot connect to Unity Package Manager local server
ScheduleIndexationOnStartup MainProcess:False IndexOnStartup:True
Mono: successfully reloaded assembly
- Finished resetting the current domain, in  0.812 seconds
Domain Reload Profiling: 1712ms
	BeginReloadAssembly (253ms)
		DisableScriptedObjects (18ms)
		CreateAndSetChildDomain (66ms)
	RebuildCommonClasses (9ms)
	RebuildNativeTypeToScriptingClass (15ms)
	initialDomainReloadingComplete (64ms)
	LoadAllAssembliesAndSetupDomain (558ms)
		LoadAssemblies (304ms)
		AnalyzeDomain (223ms)
			TypeCache.Refresh (13ms)
			BuildScriptInfoCaches (204ms)
			ResolveRequiredComponents (5ms)
	FinalizeReload (812ms)
		SetupLoadedEditorAssemblies (0ms)
			BeforeProcessingInitializeOnLoad (99ms)
			ProcessInitializeOnLoadAttributes (304ms)
			ProcessInitializeOnLoadMethodAttributes (126ms)
			AfterProcessingInitializeOnLoad (7ms)
		AwakeInstancesAfterBackupRestoration (23ms)
Refreshing native plugins compatible for Editor in 2.42 ms, found 5 plugins.
Unloading 22 Unused Serialized files (Serialized files now loaded: 0)
Unloading 7366 unused Assets / (5.5 MB). Loaded Objects now: 8486.
Memory consumption went from 406.9 MB to 401.5 MB.
Total: 10.101800 ms (FindLiveObjects: 0.903300 ms CreateObjectMapping: 0.861700 ms MarkObjects: 5.664600 ms  DeleteObjects: 2.671500 ms)

Prepare: number of updated asset objects reloaded= 0
========================================================================
Received Prepare
AcceleratorClientConnectionCallback - disconnected - :0
[Licensing::Client] Successfully resolved entitlement details
Begin MonoManager ReloadAssembly
Refreshing native plugins compatible for Editor in 2.42 ms, found 5 plugins.
Native extension for WindowsStandalone target not found
Native extension for WebGL target not found
[Package Manager] Failed to launch server process. Reason: Unity was launched with the -noUpm command-line argument
[Package Manager] Unable to send message (not connected to server process).
[Package Manager] Cannot connect to Unity Package Manager local server
[Package Manager] Failed to launch server process. Reason: Unity was launched with the -noUpm command-line argument
[Package Manager] Unable to send message (not connected to server process).
[Package Manager] Cannot connect to Unity Package Manager local server
ScheduleIndexationOnStartup MainProcess:False IndexOnStartup:True
Mono: successfully reloaded assembly
- Finished resetting the current domain, in  0.817 seconds
Domain Reload Profiling: 1737ms
	BeginReloadAssembly (257ms)
		DisableScriptedObjects (19ms)
		CreateAndSetChildDomain (61ms)
	RebuildCommonClasses (8ms)
	RebuildNativeTypeToScriptingClass (16ms)
	initialDomainReloadingComplete (61ms)
	LoadAllAssembliesAndSetupDomain (577ms)
		LoadAssemblies (316ms)
		AnalyzeDomain (228ms)
			TypeCache.Refresh (10ms)
			BuildScriptInfoCaches (209ms)
			ResolveRequiredComponents (7ms)
	FinalizeReload (817ms)
		SetupLoadedEditorAssemblies (0ms)
			BeforeProcessingInitializeOnLoad (110ms)
			ProcessInitializeOnLoadAttributes (300ms)
			ProcessInitializeOnLoadMethodAttributes (124ms)
			AfterProcessingInitializeOnLoad (6ms)
		AwakeInstancesAfterBackupRestoration (23ms)
Refreshing native plugins compatible for Editor in 2.12 ms, found 5 plugins.
Unloading 22 Unused Serialized files (Serialized files now loaded: 0)
Unloading 7366 unused Assets / (5.3 MB). Loaded Objects now: 8489.
Memory consumption went from 409.8 MB to 404.5 MB.
Total: 8.977500 ms (FindLiveObjects: 0.791800 ms CreateObjectMapping: 0.641600 ms MarkObjects: 5.097100 ms  DeleteObjects: 2.446300 ms)

Prepare: number of updated asset objects reloaded= 0
========================================================================
Received Prepare
AcceleratorClientConnectionCallback - disconnected - :0
[Licensing::Client] Successfully resolved entitlement details
Begin MonoManager ReloadAssembly
Refreshing native plugins compatible for Editor in 2.39 ms, found 5 plugins.
Native extension for WindowsStandalone target not found
Native extension for WebGL target not found
[Package Manager] Failed to launch server process. Reason: Unity was launched with the -noUpm command-line argument
[Package Manager] Unable to send message (not connected to server process).
[Package Manager] Cannot connect to Unity Package Manager local server
[Package Manager] Failed to launch server process. Reason: Unity was launched with the -noUpm command-line argument
[Package Manager] Unable to send message (not connected to server process).
[Package Manager] Cannot connect to Unity Package Manager local server
ScheduleIndexationOnStartup MainProcess:False IndexOnStartup:True
Mono: successfully reloaded assembly
- Finished resetting the current domain, in  0.777 seconds
Domain Reload Profiling: 1669ms
	BeginReloadAssembly (235ms)
		DisableScriptedObjects (22ms)
		CreateAndSetChildDomain (58ms)
	RebuildCommonClasses (9ms)
	RebuildNativeTypeToScriptingClass (15ms)
	initialDomainReloadingComplete (60ms)
	LoadAllAssembliesAndSetupDomain (571ms)
		LoadAssemblies (307ms)
		AnalyzeDomain (220ms)
			TypeCache.Refresh (12ms)
			BuildScriptInfoCaches (202ms)
			ResolveRequiredComponents (5ms)
	FinalizeReload (778ms)
		SetupLoadedEditorAssemblies (0ms)
			BeforeProcessingInitializeOnLoad (94ms)
			ProcessInitializeOnLoadAttributes (287ms)
			ProcessInitializeOnLoadMethodAttributes (136ms)
			AfterProcessingInitializeOnLoad (7ms)
		AwakeInstancesAfterBackupRestoration (27ms)
Refreshing native plugins compatible for Editor in 2.07 ms, found 5 plugins.
Unloading 22 Unused Serialized files (Serialized files now loaded: 0)
Unloading 7366 unused Assets / (6.0 MB). Loaded Objects now: 8492.
Memory consumption went from 412.8 MB to 406.8 MB.
Total: 9.818100 ms (FindLiveObjects: 0.843800 ms CreateObjectMapping: 0.669700 ms MarkObjects: 5.043300 ms  DeleteObjects: 3.260700 ms)

Prepare: number of updated asset objects reloaded= 0
========================================================================
Received Prepare
AcceleratorClientConnectionCallback - disconnected - :0
[Licensing::Client] Successfully resolved entitlement details
Begin MonoManager ReloadAssembly
Native extension for WindowsStandalone target not found
Native extension for WebGL target not found
[Package Manager] Failed to launch server process. Reason: Unity was launched with the -noUpm command-line argument
[Package Manager] Unable to send message (not connected to server process).
[Package Manager] Cannot connect to Unity Package Manager local server
[Package Manager] Failed to launch server process. Reason: Unity was launched with the -noUpm command-line argument
[Package Manager] Unable to send message (not connected to server process).
[Package Manager] Cannot connect to Unity Package Manager local server
ScheduleIndexationOnStartup MainProcess:False IndexOnStartup:True
Mono: successfully reloaded assembly
- Finished resetting the current domain, in  0.751 seconds
Domain Reload Profiling: 1644ms
	BeginReloadAssembly (239ms)
		DisableScriptedObjects (17ms)
		CreateAndSetChildDomain (60ms)
	RebuildCommonClasses (9ms)
	RebuildNativeTypeToScriptingClass (18ms)
	initialDomainReloadingComplete (59ms)
	LoadAllAssembliesAndSetupDomain (567ms)
		LoadAssemblies (301ms)
		AnalyzeDomain (223ms)
			TypeCache.Refresh (11ms)
			BuildScriptInfoCaches (205ms)
			ResolveRequiredComponents (5ms)
	FinalizeReload (752ms)
		SetupLoadedEditorAssemblies (0ms)
			BeforeProcessingInitializeOnLoad (91ms)
			ProcessInitializeOnLoadAttributes (280ms)
			ProcessInitializeOnLoadMethodAttributes (124ms)
			AfterProcessingInitializeOnLoad (7ms)
		AwakeInstancesAfterBackupRestoration (23ms)
Refreshing native plugins compatible for Editor in 2.56 ms, found 5 plugins.
Unloading 22 Unused Serialized files (Serialized files now loaded: 0)
Unloading 7366 unused Assets / (5.6 MB). Loaded Objects now: 8495.
Memory consumption went from 415.8 MB to 410.3 MB.
Total: 10.483200 ms (FindLiveObjects: 0.955100 ms CreateObjectMapping: 0.735700 ms MarkObjects: 5.983800 ms  DeleteObjects: 2.807900 ms)

Prepare: number of updated asset objects reloaded= 0
========================================================================
Received Prepare
AcceleratorClientConnectionCallback - disconnected - :0
[Licensing::Client] Successfully resolved entitlement details
Begin MonoManager ReloadAssembly
Refreshing native plugins compatible for Editor in 3.38 ms, found 5 plugins.
Native extension for WindowsStandalone target not found
Native extension for WebGL target not found
[Package Manager] Failed to launch server process. Reason: Unity was launched with the -noUpm command-line argument
[Package Manager] Unable to send message (not connected to server process).
[Package Manager] Cannot connect to Unity Package Manager local server
[Package Manager] Failed to launch server process. Reason: Unity was launched with the -noUpm command-line argument
[Package Manager] Unable to send message (not connected to server process).
[Package Manager] Cannot connect to Unity Package Manager local server
ScheduleIndexationOnStartup MainProcess:False IndexOnStartup:True
Mono: successfully reloaded assembly
- Finished resetting the current domain, in  0.815 seconds
Domain Reload Profiling: 1703ms
	BeginReloadAssembly (231ms)
		DisableScriptedObjects (18ms)
		CreateAndSetChildDomain (58ms)
	RebuildCommonClasses (8ms)
	RebuildNativeTypeToScriptingClass (15ms)
	initialDomainReloadingComplete (59ms)
	LoadAllAssembliesAndSetupDomain (574ms)
		LoadAssemblies (305ms)
		AnalyzeDomain (230ms)
			TypeCache.Refresh (11ms)
			BuildScriptInfoCaches (211ms)
			ResolveRequiredComponents (5ms)
	FinalizeReload (816ms)
		SetupLoadedEditorAssemblies (0ms)
			BeforeProcessingInitializeOnLoad (99ms)
			ProcessInitializeOnLoadAttributes (311ms)
			ProcessInitializeOnLoadMethodAttributes (126ms)
			AfterProcessingInitializeOnLoad (6ms)
		AwakeInstancesAfterBackupRestoration (23ms)
Refreshing native plugins compatible for Editor in 2.30 ms, found 5 plugins.
Unloading 22 Unused Serialized files (Serialized files now loaded: 0)
Unloading 7366 unused Assets / (5.3 MB). Loaded Objects now: 8498.
Memory consumption went from 418.7 MB to 413.4 MB.
Total: 8.735700 ms (FindLiveObjects: 0.820700 ms CreateObjectMapping: 0.661500 ms MarkObjects: 5.060900 ms  DeleteObjects: 2.192100 ms)

Prepare: number of updated asset objects reloaded= 0
========================================================================
Received Prepare
AcceleratorClientConnectionCallback - disconnected - :0
[Licensing::Client] Successfully resolved entitlement details
Begin MonoManager ReloadAssembly
Refreshing native plugins compatible for Editor in 2.46 ms, found 5 plugins.
Native extension for WindowsStandalone target not found
Native extension for WebGL target not found
[Package Manager] Failed to launch server process. Reason: Unity was launched with the -noUpm command-line argument
[Package Manager] Unable to send message (not connected to server process).
[Package Manager] Cannot connect to Unity Package Manager local server
[Package Manager] Failed to launch server process. Reason: Unity was launched with the -noUpm command-line argument
[Package Manager] Unable to send message (not connected to server process).
[Package Manager] Cannot connect to Unity Package Manager local server
ScheduleIndexationOnStartup MainProcess:False IndexOnStartup:True
Mono: successfully reloaded assembly
- Finished resetting the current domain, in  0.750 seconds
Domain Reload Profiling: 1641ms
	BeginReloadAssembly (241ms)
		DisableScriptedObjects (17ms)
		CreateAndSetChildDomain (60ms)
	RebuildCommonClasses (9ms)
	RebuildNativeTypeToScriptingClass (15ms)
	initialDomainReloadingComplete (57ms)
	LoadAllAssembliesAndSetupDomain (567ms)
		LoadAssemblies (322ms)
		AnalyzeDomain (220ms)
			TypeCache.Refresh (11ms)
			BuildScriptInfoCaches (201ms)
			ResolveRequiredComponents (6ms)
	FinalizeReload (751ms)
		SetupLoadedEditorAssemblies (0ms)
			InitializePlatformSupportModulesInManaged (3ms)
			BeforeProcessingInitializeOnLoad (87ms)
			ProcessInitializeOnLoadAttributes (280ms)
			ProcessInitializeOnLoadMethodAttributes (127ms)
			AfterProcessingInitializeOnLoad (6ms)
		AwakeInstancesAfterBackupRestoration (25ms)
Refreshing native plugins compatible for Editor in 2.35 ms, found 5 plugins.
Unloading 22 Unused Serialized files (Serialized files now loaded: 0)
Unloading 7366 unused Assets / (5.3 MB). Loaded Objects now: 8501.
Memory consumption went from 421.3 MB to 416.0 MB.
Total: 9.345600 ms (FindLiveObjects: 0.801100 ms CreateObjectMapping: 0.935300 ms MarkObjects: 4.992300 ms  DeleteObjects: 2.616200 ms)

Prepare: number of updated asset objects reloaded= 0
========================================================================
Received Prepare
AcceleratorClientConnectionCallback - disconnected - :0
Begin MonoManager ReloadAssembly
Refreshing native plugins compatible for Editor in 2.34 ms, found 5 plugins.
Native extension for WindowsStandalone target not found
Native extension for WebGL target not found
[Package Manager] Failed to launch server process. Reason: Unity was launched with the -noUpm command-line argument
[Package Manager] Unable to send message (not connected to server process).
[Package Manager] Cannot connect to Unity Package Manager local server
[Package Manager] Failed to launch server process. Reason: Unity was launched with the -noUpm command-line argument
[Package Manager] Unable to send message (not connected to server process).
[Package Manager] Cannot connect to Unity Package Manager local server
ScheduleIndexationOnStartup MainProcess:False IndexOnStartup:True
Mono: successfully reloaded assembly
- Finished resetting the current domain, in  0.774 seconds
Domain Reload Profiling: 1672ms
	BeginReloadAssembly (244ms)
		DisableScriptedObjects (18ms)
		CreateAndSetChildDomain (62ms)
	RebuildCommonClasses (9ms)
	RebuildNativeTypeToScriptingClass (15ms)
	initialDomainReloadingComplete (57ms)
	LoadAllAssembliesAndSetupDomain (572ms)
		LoadAssemblies (309ms)
		AnalyzeDomain (229ms)
			TypeCache.Refresh (10ms)
			BuildScriptInfoCaches (212ms)
			ResolveRequiredComponents (5ms)
	FinalizeReload (775ms)
		SetupLoadedEditorAssemblies (0ms)
			BeforeProcessingInitializeOnLoad (88ms)
			ProcessInitializeOnLoadAttributes (299ms)
			ProcessInitializeOnLoadMethodAttributes (125ms)
			AfterProcessingInitializeOnLoad (6ms)
		AwakeInstancesAfterBackupRestoration (23ms)
Refreshing native plugins compatible for Editor in 2.15 ms, found 5 plugins.
Unloading 22 Unused Serialized files (Serialized files now loaded: 0)
Unloading 7366 unused Assets / (5.5 MB). Loaded Objects now: 8504.
Memory consumption went from 424.4 MB to 418.8 MB.
Total: 10.262100 ms (FindLiveObjects: 0.917600 ms CreateObjectMapping: 1.116200 ms MarkObjects: 5.342000 ms  DeleteObjects: 2.884900 ms)

Prepare: number of updated asset objects reloaded= 0
========================================================================
Received Prepare
AcceleratorClientConnectionCallback - disconnected - :0
[Licensing::Client] Successfully resolved entitlement details
Begin MonoManager ReloadAssembly
Native extension for WindowsStandalone target not found
Native extension for WebGL target not found
[Package Manager] Failed to launch server process. Reason: Unity was launched with the -noUpm command-line argument
[Package Manager] Unable to send message (not connected to server process).
[Package Manager] Cannot connect to Unity Package Manager local server
[Package Manager] Failed to launch server process. Reason: Unity was launched with the -noUpm command-line argument
[Package Manager] Unable to send message (not connected to server process).
[Package Manager] Cannot connect to Unity Package Manager local server
ScheduleIndexationOnStartup MainProcess:False IndexOnStartup:True
Mono: successfully reloaded assembly
- Finished resetting the current domain, in  0.740 seconds
Domain Reload Profiling: 1691ms
	BeginReloadAssembly (237ms)
		DisableScriptedObjects (18ms)
		CreateAndSetChildDomain (59ms)
	RebuildCommonClasses (13ms)
	RebuildNativeTypeToScriptingClass (15ms)
	initialDomainReloadingComplete (59ms)
	LoadAllAssembliesAndSetupDomain (626ms)
		LoadAssemblies (352ms)
		AnalyzeDomain (232ms)
			TypeCache.Refresh (11ms)
			BuildScriptInfoCaches (215ms)
			ResolveRequiredComponents (5ms)
	FinalizeReload (741ms)
		SetupLoadedEditorAssemblies (0ms)
			BeforeProcessingInitializeOnLoad (87ms)
			ProcessInitializeOnLoadAttributes (285ms)
			ProcessInitializeOnLoadMethodAttributes (124ms)
			AfterProcessingInitializeOnLoad (6ms)
		AwakeInstancesAfterBackupRestoration (22ms)
Refreshing native plugins compatible for Editor in 2.63 ms, found 5 plugins.
Unloading 22 Unused Serialized files (Serialized files now loaded: 0)
Unloading 7366 unused Assets / (5.7 MB). Loaded Objects now: 8507.
Memory consumption went from 427.1 MB to 421.4 MB.
Total: 9.795500 ms (FindLiveObjects: 0.929200 ms CreateObjectMapping: 1.007700 ms MarkObjects: 5.070300 ms  DeleteObjects: 2.787500 ms)

Prepare: number of updated asset objects reloaded= 0
========================================================================
Received Prepare
AcceleratorClientConnectionCallback - disconnected - :0
Begin MonoManager ReloadAssembly
Refreshing native plugins compatible for Editor in 2.11 ms, found 5 plugins.
Native extension for WindowsStandalone target not found
Native extension for WebGL target not found
[Package Manager] Failed to launch server process. Reason: Unity was launched with the -noUpm command-line argument
[Package Manager] Unable to send message (not connected to server process).
[Package Manager] Cannot connect to Unity Package Manager local server
[Package Manager] Failed to launch server process. Reason: Unity was launched with the -noUpm command-line argument
[Package Manager] Unable to send message (not connected to server process).
[Package Manager] Cannot connect to Unity Package Manager local server
ScheduleIndexationOnStartup MainProcess:False IndexOnStartup:True
Mono: successfully reloaded assembly
- Finished resetting the current domain, in  0.759 seconds
Domain Reload Profiling: 1659ms
	BeginReloadAssembly (232ms)
		DisableScriptedObjects (18ms)
		CreateAndSetChildDomain (62ms)
	RebuildCommonClasses (11ms)
	RebuildNativeTypeToScriptingClass (19ms)
	initialDomainReloadingComplete (62ms)
	LoadAllAssembliesAndSetupDomain (575ms)
		LoadAssemblies (316ms)
		AnalyzeDomain (224ms)
			TypeCache.Refresh (12ms)
			BuildScriptInfoCaches (205ms)
			ResolveRequiredComponents (5ms)
	FinalizeReload (759ms)
		SetupLoadedEditorAssemblies (0ms)
			BeforeProcessingInitializeOnLoad (87ms)
			ProcessInitializeOnLoadAttributes (288ms)
			ProcessInitializeOnLoadMethodAttributes (132ms)
			AfterProcessingInitializeOnLoad (6ms)
		AwakeInstancesAfterBackupRestoration (28ms)
Refreshing native plugins compatible for Editor in 2.36 ms, found 5 plugins.
Unloading 22 Unused Serialized files (Serialized files now loaded: 0)
Unloading 7366 unused Assets / (5.6 MB). Loaded Objects now: 8510.
Memory consumption went from 430.1 MB to 424.4 MB.
Total: 9.213000 ms (FindLiveObjects: 0.939700 ms CreateObjectMapping: 0.682300 ms MarkObjects: 4.985800 ms  DeleteObjects: 2.604300 ms)

Prepare: number of updated asset objects reloaded= 0
========================================================================
Received Prepare
AcceleratorClientConnectionCallback - disconnected - :0
[Licensing::Client] Successfully resolved entitlement details
Begin MonoManager ReloadAssembly
Refreshing native plugins compatible for Editor in 2.34 ms, found 5 plugins.
Native extension for WindowsStandalone target not found
Native extension for WebGL target not found
[Package Manager] Failed to launch server process. Reason: Unity was launched with the -noUpm command-line argument
[Package Manager] Unable to send message (not connected to server process).
[Package Manager] Cannot connect to Unity Package Manager local server
[Package Manager] Failed to launch server process. Reason: Unity was launched with the -noUpm command-line argument
[Package Manager] Unable to send message (not connected to server process).
[Package Manager] Cannot connect to Unity Package Manager local server
ScheduleIndexationOnStartup MainProcess:False IndexOnStartup:True
Mono: successfully reloaded assembly
- Finished resetting the current domain, in  0.763 seconds
Domain Reload Profiling: 1659ms
	BeginReloadAssembly (241ms)
		DisableScriptedObjects (18ms)
		CreateAndSetChildDomain (62ms)
	RebuildCommonClasses (12ms)
	RebuildNativeTypeToScriptingClass (15ms)
	initialDomainReloadingComplete (62ms)
	LoadAllAssembliesAndSetupDomain (566ms)
		LoadAssemblies (303ms)
		AnalyzeDomain (228ms)
			TypeCache.Refresh (12ms)
			BuildScriptInfoCaches (209ms)
			ResolveRequiredComponents (5ms)
	FinalizeReload (764ms)
		SetupLoadedEditorAssemblies (0ms)
			InitializePlatformSupportModulesInManaged (3ms)
			BeforeProcessingInitializeOnLoad (89ms)
			ProcessInitializeOnLoadAttributes (288ms)
			ProcessInitializeOnLoadMethodAttributes (127ms)
			AfterProcessingInitializeOnLoad (6ms)
		AwakeInstancesAfterBackupRestoration (23ms)
Refreshing native plugins compatible for Editor in 2.20 ms, found 5 plugins.
Unloading 22 Unused Serialized files (Serialized files now loaded: 0)
Unloading 7366 unused Assets / (5.8 MB). Loaded Objects now: 8513.
Memory consumption went from 433.0 MB to 427.3 MB.
Total: 14.049900 ms (FindLiveObjects: 0.791500 ms CreateObjectMapping: 1.140400 ms MarkObjects: 7.596200 ms  DeleteObjects: 4.520800 ms)

Prepare: number of updated asset objects reloaded= 0
========================================================================
Received Prepare
AcceleratorClientConnectionCallback - disconnected - :0
[Licensing::Client] Successfully resolved entitlement details
Begin MonoManager ReloadAssembly
Refreshing native plugins compatible for Editor in 2.92 ms, found 5 plugins.
Native extension for WindowsStandalone target not found
Native extension for WebGL target not found
[Package Manager] Failed to launch server process. Reason: Unity was launched with the -noUpm command-line argument
[Package Manager] Unable to send message (not connected to server process).
[Package Manager] Cannot connect to Unity Package Manager local server
[Package Manager] Failed to launch server process. Reason: Unity was launched with the -noUpm command-line argument
[Package Manager] Unable to send message (not connected to server process).
[Package Manager] Cannot connect to Unity Package Manager local server
ScheduleIndexationOnStartup MainProcess:False IndexOnStartup:True
Mono: successfully reloaded assembly
- Finished resetting the current domain, in  0.878 seconds
Domain Reload Profiling: 1911ms
	BeginReloadAssembly (284ms)
		DisableScriptedObjects (21ms)
		CreateAndSetChildDomain (82ms)
	RebuildCommonClasses (12ms)
	RebuildNativeTypeToScriptingClass (24ms)
	initialDomainReloadingComplete (68ms)
	LoadAllAssembliesAndSetupDomain (644ms)
		LoadAssemblies (352ms)
		AnalyzeDomain (252ms)
			TypeCache.Refresh (14ms)
			BuildScriptInfoCaches (230ms)
			ResolveRequiredComponents (6ms)
	FinalizeReload (879ms)
		SetupLoadedEditorAssemblies (0ms)
			BeforeProcessingInitializeOnLoad (97ms)
			ProcessInitializeOnLoadAttributes (333ms)
			ProcessInitializeOnLoadMethodAttributes (139ms)
			AfterProcessingInitializeOnLoad (7ms)
		AwakeInstancesAfterBackupRestoration (25ms)
Refreshing native plugins compatible for Editor in 2.24 ms, found 5 plugins.
Unloading 22 Unused Serialized files (Serialized files now loaded: 0)
Unloading 7366 unused Assets / (5.8 MB). Loaded Objects now: 8516.
Memory consumption went from 435.6 MB to 429.7 MB.
Total: 11.715800 ms (FindLiveObjects: 0.941500 ms CreateObjectMapping: 1.117100 ms MarkObjects: 6.542000 ms  DeleteObjects: 3.114400 ms)

Prepare: number of updated asset objects reloaded= 0
========================================================================
Received Prepare
AcceleratorClientConnectionCallback - disconnected - :0
[Licensing::Client] Successfully resolved entitlement details
Begin MonoManager ReloadAssembly
Refreshing native plugins compatible for Editor in 2.97 ms, found 5 plugins.
Native extension for WindowsStandalone target not found
Native extension for WebGL target not found
[Package Manager] Failed to launch server process. Reason: Unity was launched with the -noUpm command-line argument
[Package Manager] Unable to send message (not connected to server process).
[Package Manager] Cannot connect to Unity Package Manager local server
[Package Manager] Failed to launch server process. Reason: Unity was launched with the -noUpm command-line argument
[Package Manager] Unable to send message (not connected to server process).
[Package Manager] Cannot connect to Unity Package Manager local server
ScheduleIndexationOnStartup MainProcess:False IndexOnStartup:True
Mono: successfully reloaded assembly
- Finished resetting the current domain, in  0.876 seconds
Domain Reload Profiling: 1888ms
	BeginReloadAssembly (267ms)
		DisableScriptedObjects (19ms)
		CreateAndSetChildDomain (74ms)
	RebuildCommonClasses (10ms)
	RebuildNativeTypeToScriptingClass (24ms)
	initialDomainReloadingComplete (65ms)
	LoadAllAssembliesAndSetupDomain (645ms)
		LoadAssemblies (339ms)
		AnalyzeDomain (259ms)
			TypeCache.Refresh (16ms)
			BuildScriptInfoCaches (235ms)
			ResolveRequiredComponents (6ms)
	FinalizeReload (877ms)
		SetupLoadedEditorAssemblies (0ms)
			BeforeProcessingInitializeOnLoad (96ms)
			ProcessInitializeOnLoadAttributes (346ms)
			ProcessInitializeOnLoadMethodAttributes (127ms)
			AfterProcessingInitializeOnLoad (6ms)
		AwakeInstancesAfterBackupRestoration (25ms)
Refreshing native plugins compatible for Editor in 2.64 ms, found 5 plugins.
Unloading 22 Unused Serialized files (Serialized files now loaded: 0)
Unloading 7366 unused Assets / (5.7 MB). Loaded Objects now: 8519.
Memory consumption went from 438.6 MB to 432.9 MB.
Total: 10.030900 ms (FindLiveObjects: 0.863200 ms CreateObjectMapping: 1.005300 ms MarkObjects: 5.051900 ms  DeleteObjects: 3.109800 ms)

Prepare: number of updated asset objects reloaded= 0
========================================================================
Received Prepare
AcceleratorClientConnectionCallback - disconnected - :0
Refreshing native plugins compatible for Editor in 2.22 ms, found 5 plugins.
Unloading 22 Unused Serialized files (Serialized files now loaded: 0)
Unloading 22 unused Assets / (2.6 MB). Loaded Objects now: 8519.
Memory consumption went from 435.2 MB to 432.6 MB.
Total: 6.527100 ms (FindLiveObjects: 0.494100 ms CreateObjectMapping: 0.396500 ms MarkObjects: 5.188500 ms  DeleteObjects: 0.447600 ms)

Prepare: number of updated asset objects reloaded= 0
========================================================================
Received Prepare
AcceleratorClientConnectionCallback - disconnected - :0
Refreshing native plugins compatible for Editor in 2.33 ms, found 5 plugins.
Unloading 22 Unused Serialized files (Serialized files now loaded: 0)
Unloading 22 unused Assets / (2.6 MB). Loaded Objects now: 8519.
Memory consumption went from 437.0 MB to 434.4 MB.
Total: 6.884100 ms (FindLiveObjects: 0.494700 ms CreateObjectMapping: 0.450800 ms MarkObjects: 5.376500 ms  DeleteObjects: 0.561500 ms)

Prepare: number of updated asset objects reloaded= 0
========================================================================
Received Prepare
AcceleratorClientConnectionCallback - disconnected - :0
Refreshing native plugins compatible for Editor in 2.37 ms, found 5 plugins.
Unloading 22 Unused Serialized files (Serialized files now loaded: 0)
Unloading 22 unused Assets / (2.6 MB). Loaded Objects now: 8519.
Memory consumption went from 438.9 MB to 436.3 MB.
Total: 7.322000 ms (FindLiveObjects: 0.626300 ms CreateObjectMapping: 0.572600 ms MarkObjects: 5.495900 ms  DeleteObjects: 0.626700 ms)

Prepare: number of updated asset objects reloaded= 0
========================================================================
Received Import Request.
  Time of request: 2026-08-30T21:39:28.9477942Z
  Time since last request: 4674.9611076000001 seconds.
  importAddress: GUID: 9421fe04e4b36e74a92e0d609b4a62cf - Path: Assets/Examples/512grassbacking.png - Importer: PreviewImporter
Importing 'GUID: 9421fe04e4b36e74a92e0d609b4a62cf - Path: Assets/Examples/512grassbacking.png - Importer: PreviewImporter' with importer (PreviewImporter)
Imported 'GUID: 9421fe04e4b36e74a92e0d609b4a62cf' -> (Import Result ID: '6bd02b562a9e90132cf1a34e2f72375d') in 0.121 seconds [static and dynamic dependencies]. Details - ImportResultOutputID=46c219b8e2ea7e245a6604150c7ae9f9 DependenciesID=fed8128d02471aa151ef2d54e7504ce4 StaticDependenciesID=9463d778e0384879426aae4a9f02206d 
Number of updated asset objects reloaded before import = 0
Number of asset objects unloaded after import = 3
========================================================================
Received Import Request.
  Time of request: 2026-08-30T21:41:17.0932032Z
  Time since last request: 108.010536 seconds.
  importAddress: GUID: d2a208ea9dfae4644983692d2b361e75 - Path: Assets/Examples/RoadCreator.cs - Importer: ScriptedImporter/UnityEditor.QuickSearchModule:UnityEditor.Search:ASIAI0B
Importing 'GUID: d2a208ea9dfae4644983692d2b361e75 - Path: Assets/Examples/RoadCreator.cs - Importer: ScriptedImporter/UnityEditor.QuickSearchModule:UnityEditor.Search:ASIAI0B' with importer (ScriptedImporter : UnityEditor.QuickSearchModule:UnityEditor.Search:ASIAI0B)
Imported 'GUID: d2a208ea9dfae4644983692d2b361e75' -> (Import Result ID: 'c04bf9bfb4dcc38818f953579aabab78') in 0.066 seconds [static and dynamic dependencies]. Details - ImportResultOutputID=2570ac6c0cfa0325c6fc033a1d489c3a DependenciesID=5e6b55d23a24c765281c4850f92cb8d6 StaticDependenciesID=966adf58b87d338e86b1aa0af1cd1811 
Number of updated asset objects reloaded before import = 0
Number of asset objects unloaded after import = 0
========================================================================
Received Import Request.
  Time of request: 2026-08-30T21:41:17.1733428Z
  Time since last request: 0.000276 seconds.
  importAddress: GUID: 99d0e7d5eed0acf4e9a64f6eaeb960a4 - Path: Assets/Examples/512dirtwide.png - Importer: ScriptedImporter/UnityEditor.QuickSearchModule:UnityEditor.Search:ASIAI0B
Importing 'GUID: 99d0e7d5eed0acf4e9a64f6eaeb960a4 - Path: Assets/Examples/512dirtwide.png - Importer: ScriptedImporter/UnityEditor.QuickSearchModule:UnityEditor.Search:ASIAI0B' with importer (ScriptedImporter : UnityEditor.QuickSearchModule:UnityEditor.Search:ASIAI0B)
Imported 'GUID: 99d0e7d5eed0acf4e9a64f6eaeb960a4' -> (Import Result ID: '395c054285becb29c899c340f97cb66c') in 0.052 seconds [static and dynamic dependencies]. Details - ImportResultOutputID=32abc87746844c22539bf0eeeabfd7f4 DependenciesID=c033cc7bce545211c2a61a9095218db0 StaticDependenciesID=b810c192d3431e9da81f66b24984fcf4 
Number of updated asset objects reloaded before import = 0
Number of asset objects unloaded after import = 3
========================================================================
Received Import Request.
  Time of request: 2026-08-30T21:41:17.2384343Z
  Time since last request: 0.0004671 seconds.
  importAddress: GUID: 8a62e041a17809846af1bf92efa34162 - Path: Assets/Editor/PathEditor.cs - Importer: ScriptedImporter/UnityEditor.QuickSearchModule:UnityEditor.Search:ASIAI0B
Importing 'GUID: 8a62e041a17809846af1bf92efa34162 - Path: Assets/Editor/PathEditor.cs - Importer: ScriptedImporter/UnityEditor.QuickSearchModule:UnityEditor.Search:ASIAI0B' with importer (ScriptedImporter : UnityEditor.QuickSearchModule:UnityEditor.Search:ASIAI0B)
Imported 'GUID: 8a62e041a17809846af1bf92efa34162' -> (Import Result ID: '2ac3e3f34175715182c297da1ea46003') in 0.004 seconds [static and dynamic dependencies]. Details - ImportResultOutputID=baa1bb43a5dfe2beb0b342d4b7d18340 DependenciesID=fdd3ea1929f2101b805bb0e62ea0922f StaticDependenciesID=782fde8e35d71ee00d4c72fd05e720b4 
Number of updated asset objects reloaded before import = 0
Number of asset objects unloaded after import = 0
========================================================================
Received Prepare
AcceleratorClientConnectionCallback - disconnected - :0
Refreshing native plugins compatible for Editor in 2.24 ms, found 5 plugins.
Unloading 22 Unused Serialized files (Serialized files now loaded: 0)
Unloading 24 unused Assets / (2.6 MB). Loaded Objects now: 8525.
Memory consumption went from 399.7 MB to 397.1 MB.
Total: 9.307400 ms (FindLiveObjects: 0.663100 ms CreateObjectMapping: 0.488100 ms MarkObjects: 7.476700 ms  DeleteObjects: 0.678400 ms)

Prepare: number of updated asset objects reloaded= 0
Editor requested this worker to shutdown with reason: Scaling down because of idle timeout
AcceleratorClientConnectionCallback - disconnected - :0
AssetImportWorker is now disconnected from the server
Process exiting
Exiting without the bug reporter. Application will terminate with return code 0